transaction_id,transaction_address_1,transaction_address_2,transaction_city,transaction_state,transaction_zip,normalized_transaction,canonical_id,canonical_address_1,canonical_address_2,canonical_city,canonical_state,canonical_zip,normalized_canonical,match_type,match_score,match_status
none-north-11th-street-unit-4w-brooklyn-ny-11211,North 11th Street,Unit 4W,Brooklyn,NY,11211,North 11th Street Unit 4W Brooklyn NY 11211,42603,North 11th Street,,Brooklyn,NY,11211,North 11th Street Unit 4W Brooklyn NY 11211,exact,1.0,matched
none-conselyea-street-unit-1-brooklyn-ny-11211,Conselyea Street,Unit 1,Brooklyn,NY,11211,Conselyea Street Unit 1 Brooklyn NY 11211,42605,Conselyea Street,,Brooklyn,NY,11211,Conselyea Street Unit 1 Brooklyn NY 11211,exact,1.0,matched
none-128-woodpoint-road-unit-5-brooklyn-ny-11211,128 Woodpoint Road,Unit 5,Brooklyn,NY,11211,128 Woodpoint Road Unit 5 Brooklyn NY 11211,42604,128 Woodpoint Road,,Brooklyn,NY,11211,128 Woodpoint Road Unit 5 Brooklyn NY 11211,exact,1.0,matched
none-jackson-street-unit-4-brooklyn-ny-11211,Jackson Street,Unit 4,Brooklyn,NY,11211,Jackson Street Unit 4 Brooklyn NY 11211,42606,Jackson Street,,Brooklyn,NY,11211,Jackson Street Unit 4 Brooklyn NY 11211,exact,1.0,matched
none-conselyea-street-unit-2-brooklyn-ny-11211,Conselyea Street,Unit 2,Brooklyn,NY,11211,Conselyea Street Unit 2 Brooklyn NY 11211,42605,Conselyea Street,,Brooklyn,NY,11211,Conselyea Street Unit 1 Brooklyn NY 11211,fuzzy,1.0,matched
none-north-11th-street-unit-4w-brooklyn-ny-11211-0,North 11th Street,Unit 4W,Brooklyn,NY,11211,North 11th Street Unit 4W Brooklyn NY 11211,42603,North 11th Street,,Brooklyn,NY,11211,North 11th Street Unit 4W Brooklyn NY 11211,exact,1.0,matched
none-74-jackson-street-unit-1-brooklyn-ny-11211,74 Jackson Street,Unit 1,Brooklyn,NY,11211,74 Jackson Street Unit 1 Brooklyn NY 11211,42606,Jackson Street,,Brooklyn,NY,11211,Jackson Street Unit 4 Brooklyn NY 11211,fuzzy,0.95,matched
none-74-jackson-street-unit-2-brooklyn-ny-11211,74 Jackson Street,Unit 2,Brooklyn,NY,11211,74 Jackson Street Unit 2 Brooklyn NY 11211,42606,Jackson Street,,Brooklyn,NY,11211,Jackson Street Unit 4 Brooklyn NY 11211,fuzzy,0.95,matched
none-174-jackson-street-unit-2a-brooklyn-ny-11211,174 Jackson Street,Unit 2A,Brooklyn,NY,11211,174 Jackson Street Unit 2A Brooklyn NY 11211,42606,Jackson Street,,Brooklyn,NY,11211,Jackson Street Unit 4 Brooklyn NY 11211,fuzzy,0.95,matched
none-128-woodpoint-road-unit-2-brooklyn-ny-11211-0,128 Woodpoint Road,Unit 2,Brooklyn,NY,11211,128 Woodpoint Road Unit 2 Brooklyn NY 11211,42604,128 Woodpoint Road,,Brooklyn,NY,11211,128 Woodpoint Road Unit 5 Brooklyn NY 11211,fuzzy,0.9473684210526315,matched
none-jackson-street-unit-2-brooklyn-ny-11211,Jackson Street,Unit 2,Brooklyn,NY,11211,Jackson Street Unit 2 Brooklyn NY 11211,42606,Jackson Street,,Brooklyn,NY,11211,Jackson Street Unit 4 Brooklyn NY 11211,fuzzy,0.9473684210526315,matched
none-128-woodpoint-road-unit-1-brooklyn-ny-11211,128 Woodpoint Road,Unit 1,Brooklyn,NY,11211,128 Woodpoint Road Unit 1 Brooklyn NY 11211,42604,128 Woodpoint Road,,Brooklyn,NY,11211,128 Woodpoint Road Unit 5 Brooklyn NY 11211,fuzzy,0.9473684210526315,matched
none-woodpoint-road-unit-5-brooklyn-ny-11211,Woodpoint Road,Unit 5,Brooklyn,NY,11211,Woodpoint Road Unit 5 Brooklyn NY 11211,42604,128 Woodpoint Road,,Brooklyn,NY,11211,128 Woodpoint Road Unit 5 Brooklyn NY 11211,fuzzy,0.9473684210526315,matched
none-128-woodpoint-road-unit-2-brooklyn-ny-11211,128 Woodpoint Road,Unit 2,Brooklyn,NY,11211,128 Woodpoint Road Unit 2 Brooklyn NY 11211,42604,128 Woodpoint Road,,Brooklyn,NY,11211,128 Woodpoint Road Unit 5 Brooklyn NY 11211,fuzzy,0.9473684210526315,matched
none-jackson-street-unit-1b-brooklyn-ny-11211,Jackson Street,Unit 1B,Brooklyn,NY,11211,Jackson Street Unit 1B Brooklyn NY 11211,42606,Jackson Street,,Brooklyn,NY,11211,Jackson Street Unit 4 Brooklyn NY 11211,fuzzy,0.9473684210526315,matched
none-25-conselyea-street-unit-1-brooklyn-ny-11211,25 Conselyea Street,Unit 1,Brooklyn,NY,11211,25 Conselyea Street Unit 1 Brooklyn NY 11211,42605,Conselyea Street,,Brooklyn,NY,11211,Conselyea Street Unit 1 Brooklyn NY 11211,fuzzy,0.9444444444444444,matched
none-214-north-11th-street-unit-1l-brooklyn-ny-11211,214 North 11th Street,Unit 1L,Brooklyn,NY,11211,214 North 11th Street Unit 1L Brooklyn NY 11211,42603,North 11th Street,,Brooklyn,NY,11211,North 11th Street Unit 4W Brooklyn NY 11211,fuzzy,0.9444444444444444,matched
none-242-south-1st-street-unit-4e-brooklyn-ny-11211,242 South 1st Street,Unit 4E,Brooklyn,NY,11211,242 South 1st Street Unit 4E Brooklyn NY 11211,42603,North 11th Street,,Brooklyn,NY,11211,North 11th Street Unit 4W Brooklyn NY 11211,fuzzy,0.9444444444444444,matched
none-25-conselyea-street-unit-2-brooklyn-ny-11211,25 Conselyea Street,Unit 2,Brooklyn,NY,11211,25 Conselyea Street Unit 2 Brooklyn NY 11211,42605,Conselyea Street,,Brooklyn,NY,11211,Conselyea Street Unit 1 Brooklyn NY 11211,fuzzy,0.9444444444444444,matched
none-withers-street-unit-2-brooklyn-ny-11211,Withers Street,Unit 2,Brooklyn,NY,11211,Withers Street Unit 2 Brooklyn NY 11211,42603,North 11th Street,,Brooklyn,NY,11211,North 11th Street Unit 4W Brooklyn NY 11211,fuzzy,0.9444444444444444,matched
none-74-jackson-street-unit-3a-brooklyn-ny-11211,74 Jackson Street,Unit 3A,Brooklyn,NY,11211,74 Jackson Street Unit 3A Brooklyn NY 11211,42606,Jackson Street,,Brooklyn,NY,11211,Jackson Street Unit 4 Brooklyn NY 11211,fuzzy,0.9047619047619048,matched
none-74-jackson-street-unit-5-brooklyn-ny-11211,74 Jackson Street,Unit 5,Brooklyn,NY,11211,74 Jackson Street Unit 5 Brooklyn NY 11211,42606,Jackson Street,,Brooklyn,NY,11211,Jackson Street Unit 4 Brooklyn NY 11211,fuzzy,0.9047619047619048,matched
none-74-jackson-street-unit-3-brooklyn-ny-11211,74 Jackson Street,Unit 3,Brooklyn,NY,11211,74 Jackson Street Unit 3 Brooklyn NY 11211,42606,Jackson Street,,Brooklyn,NY,11211,Jackson Street Unit 4 Brooklyn NY 11211,fuzzy,0.9047619047619048,matched
none-174-north-6th-street-unit-town-brooklyn-ny-11211,174 North 6th Street,Unit TOWN,Brooklyn,NY,11211,174 North 6th Street Unit TOWN Brooklyn NY 11211,42603,North 11th Street,,Brooklyn,NY,11211,North 11th Street Unit 4W Brooklyn NY 11211,fuzzy,0.9,matched
none-jackson-street-unit-3b-brooklyn-ny-11211-0,Jackson Street,Unit 3B,Brooklyn,NY,11211,Jackson Street Unit 3B Brooklyn NY 11211,42606,Jackson Street,,Brooklyn,NY,11211,Jackson Street Unit 4 Brooklyn NY 11211,fuzzy,0.9,matched
none-185-withers-street-unit-4-brooklyn-ny-11211,185 Withers Street,Unit 4,Brooklyn,NY,11211,185 Withers Street Unit 4 Brooklyn NY 11211,42603,North 11th Street,,Brooklyn,NY,11211,North 11th Street Unit 4W Brooklyn NY 11211,fuzzy,0.9,matched
none-jackson-street-unit-3b-brooklyn-ny-11211,Jackson Street,Unit 3B,Brooklyn,NY,11211,Jackson Street Unit 3B Brooklyn NY 11211,42606,Jackson Street,,Brooklyn,NY,11211,Jackson Street Unit 4 Brooklyn NY 11211,fuzzy,0.9,matched
none-jackson-street-unit-3-brooklyn-ny-11211,Jackson Street,Unit 3,Brooklyn,NY,11211,Jackson Street Unit 3 Brooklyn NY 11211,42606,Jackson Street,,Brooklyn,NY,11211,Jackson Street Unit 4 Brooklyn NY 11211,fuzzy,0.9,matched
none-jackson-street-unit-5-brooklyn-ny-11211,Jackson Street,Unit 5,Brooklyn,NY,11211,Jackson Street Unit 5 Brooklyn NY 11211,42606,Jackson Street,,Brooklyn,NY,11211,Jackson Street Unit 4 Brooklyn NY 11211,fuzzy,0.9,matched
none-149-conselyea-street-unit-4a-brooklyn-ny-11211,149 Conselyea Street,Unit 4A,Brooklyn,NY,11211,149 Conselyea Street Unit 4A Brooklyn NY 11211,42606,Jackson Street,,Brooklyn,NY,11211,Jackson Street Unit 4 Brooklyn NY 11211,fuzzy,0.9,matched
none-171-north-1st-street-unit-4k-brooklyn-ny-11211,171 North 1st Street,Unit 4K,Brooklyn,NY,11211,171 North 1st Street Unit 4K Brooklyn NY 11211,42603,North 11th Street,,Brooklyn,NY,11211,North 11th Street Unit 4W Brooklyn NY 11211,fuzzy,0.8947368421052632,matched
none-229-withers-street-unit-2b-brooklyn-ny-11211,229 Withers Street,Unit 2B,Brooklyn,NY,11211,229 Withers Street Unit 2B Brooklyn NY 11211,42603,North 11th Street,,Brooklyn,NY,11211,North 11th Street Unit 4W Brooklyn NY 11211,fuzzy,0.8947368421052632,matched
none-withers-street-unit-5e-brooklyn-ny-11211,Withers Street,Unit 5E,Brooklyn,NY,11211,Withers Street Unit 5E Brooklyn NY 11211,42603,North 11th Street,,Brooklyn,NY,11211,North 11th Street Unit 4W Brooklyn NY 11211,fuzzy,0.8947368421052632,matched
none-224-north-6th-street-unit-1-brooklyn-ny-11211,224 North 6th Street,Unit 1,Brooklyn,NY,11211,224 North 6th Street Unit 1 Brooklyn NY 11211,42603,North 11th Street,,Brooklyn,NY,11211,North 11th Street Unit 4W Brooklyn NY 11211,fuzzy,0.8947368421052632,matched
none-woodpoint-road-unit-1-brooklyn-ny-11211-0,Woodpoint Road,Unit 1,Brooklyn,NY,11211,Woodpoint Road Unit 1 Brooklyn NY 11211,42604,128 Woodpoint Road,,Brooklyn,NY,11211,128 Woodpoint Road Unit 5 Brooklyn NY 11211,fuzzy,0.8947368421052632,matched
none-withers-street-unit-2a-brooklyn-ny-11211,Withers Street,Unit 2A,Brooklyn,NY,11211,Withers Street Unit 2A Brooklyn NY 11211,42603,North 11th Street,,Brooklyn,NY,11211,North 11th Street Unit 4W Brooklyn NY 11211,fuzzy,0.8947368421052632,matched
none-south-4th-street-unit-4a-brooklyn-ny-11211,South 4th Street,Unit 4A,Brooklyn,NY,11211,South 4th Street Unit 4A Brooklyn NY 11211,42603,North 11th Street,,Brooklyn,NY,11211,North 11th Street Unit 4W Brooklyn NY 11211,fuzzy,0.8947368421052632,matched
none-191-withers-street-unit-1r-brooklyn-ny-11211,191 Withers Street,Unit 1R,Brooklyn,NY,11211,191 Withers Street Unit 1R Brooklyn NY 11211,42603,North 11th Street,,Brooklyn,NY,11211,North 11th Street Unit 4W Brooklyn NY 11211,fuzzy,0.8947368421052632,matched
none-222-withers-street-unit-2a-brooklyn-ny-11211,222 Withers Street,Unit 2A,Brooklyn,NY,11211,222 Withers Street Unit 2A Brooklyn NY 11211,42603,North 11th Street,,Brooklyn,NY,11211,North 11th Street Unit 4W Brooklyn NY 11211,fuzzy,0.8947368421052632,matched
none-woodpoint-road-unit-1-brooklyn-ny-11211,Woodpoint Road,Unit 1,Brooklyn,NY,11211,Woodpoint Road Unit 1 Brooklyn NY 11211,42604,128 Woodpoint Road,,Brooklyn,NY,11211,128 Woodpoint Road Unit 5 Brooklyn NY 11211,fuzzy,0.8947368421052632,matched
none-224-north-6th-street-unit-2r-brooklyn-ny-11211,224 North 6th Street,Unit 2R,Brooklyn,NY,11211,224 North 6th Street Unit 2R Brooklyn NY 11211,42603,North 11th Street,,Brooklyn,NY,11211,North 11th Street Unit 4W Brooklyn NY 11211,fuzzy,0.8947368421052632,matched
none-bayard-street-unit-2d-brooklyn-ny-11211,Bayard Street,Unit 2D,Brooklyn,NY,11211,Bayard Street Unit 2D Brooklyn NY 11211,42605,Conselyea Street,,Brooklyn,NY,11211,Conselyea Street Unit 1 Brooklyn NY 11211,fuzzy,0.8888888888888888,matched
none-2-bayard-street-unit-2d-brooklyn-ny-11211,2 Bayard Street,Unit 2D,Brooklyn,NY,11211,2 Bayard Street Unit 2D Brooklyn NY 11211,42605,Conselyea Street,,Brooklyn,NY,11211,Conselyea Street Unit 1 Brooklyn NY 11211,fuzzy,0.8888888888888888,matched
none-north-11th-street-unit-1l-brooklyn-ny-11211,North 11th Street,Unit 1L,Brooklyn,NY,11211,North 11th Street Unit 1L Brooklyn NY 11211,42603,North 11th Street,,Brooklyn,NY,11211,North 11th Street Unit 4W Brooklyn NY 11211,fuzzy,0.8888888888888888,matched
none-74-jackson-street-unit-garden-brooklyn-ny-11211,74 Jackson Street,Unit GARDEN,Brooklyn,NY,11211,74 Jackson Street Unit GARDEN Brooklyn NY 11211,42606,Jackson Street,,Brooklyn,NY,11211,Jackson Street Unit 4 Brooklyn NY 11211,fuzzy,0.8636363636363636,matched
none-135-jackson-street-unit-1b-brooklyn-ny-11211-0,135 Jackson Street,Unit 1B,Brooklyn,NY,11211,135 Jackson Street Unit 1B Brooklyn NY 11211,42606,Jackson Street,,Brooklyn,NY,11211,Jackson Street Unit 4 Brooklyn NY 11211,fuzzy,0.8571428571428571,matched
none-jackson-street-unit-ph-brooklyn-ny-11211,Jackson Street,Unit PH,Brooklyn,NY,11211,Jackson Street Unit PH Brooklyn NY 11211,42606,Jackson Street,,Brooklyn,NY,11211,Jackson Street Unit 4 Brooklyn NY 11211,fuzzy,0.8571428571428571,matched
none-211-jackson-street-unit-garden-brooklyn-ny-11211,211 Jackson Street,Unit GARDEN,Brooklyn,NY,11211,211 Jackson Street Unit GARDEN Brooklyn NY 11211,42606,Jackson Street,,Brooklyn,NY,11211,Jackson Street Unit 4 Brooklyn NY 11211,fuzzy,0.8571428571428571,matched
none-139-jackson-street-unit-1b-brooklyn-ny-11211,139 Jackson Street,Unit 1B,Brooklyn,NY,11211,139 Jackson Street Unit 1B Brooklyn NY 11211,42606,Jackson Street,,Brooklyn,NY,11211,Jackson Street Unit 4 Brooklyn NY 11211,fuzzy,0.8571428571428571,matched
none-bushwick-avenue-unit-4b-brooklyn-ny-11211,Bushwick Avenue,Unit 4B,Brooklyn,NY,11211,Bushwick Avenue Unit 4B Brooklyn NY 11211,42603,North 11th Street,,Brooklyn,NY,11211,North 11th Street Unit 4W Brooklyn NY 11211,fuzzy,0.8571428571428571,matched
none-jackson-street-unit-ph-brooklyn-ny-11211-0,Jackson Street,Unit PH,Brooklyn,NY,11211,Jackson Street Unit PH Brooklyn NY 11211,42606,Jackson Street,,Brooklyn,NY,11211,Jackson Street Unit 4 Brooklyn NY 11211,fuzzy,0.8571428571428571,matched
none-135-jackson-street-unit-1b-brooklyn-ny-11211,135 Jackson Street,Unit 1B,Brooklyn,NY,11211,135 Jackson Street Unit 1B Brooklyn NY 11211,42606,Jackson Street,,Brooklyn,NY,11211,Jackson Street Unit 4 Brooklyn NY 11211,fuzzy,0.8571428571428571,matched
none-108-jackson-street-unit-1a-brooklyn-ny-11211,108 Jackson Street,Unit 1A,Brooklyn,NY,11211,108 Jackson Street Unit 1A Brooklyn NY 11211,42606,Jackson Street,,Brooklyn,NY,11211,Jackson Street Unit 4 Brooklyn NY 11211,fuzzy,0.8571428571428571,matched
none-woodpoint-road-unit-3-brooklyn-ny-11211,Woodpoint Road,Unit 3,Brooklyn,NY,11211,Woodpoint Road Unit 3 Brooklyn NY 11211,42604,128 Woodpoint Road,,Brooklyn,NY,11211,128 Woodpoint Road Unit 5 Brooklyn NY 11211,fuzzy,0.85,matched
none-153-south-4th-street-unit-5-brooklyn-ny-11211,153 South 4th Street,Unit 5,Brooklyn,NY,11211,153 South 4th Street Unit 5 Brooklyn NY 11211,42603,North 11th Street,,Brooklyn,NY,11211,North 11th Street Unit 4W Brooklyn NY 11211,fuzzy,0.85,matched
none-224-north-6th-street-unit-3-brooklyn-ny-11211-0,224 North 6th Street,Unit 3,Brooklyn,NY,11211,224 North 6th Street Unit 3 Brooklyn NY 11211,42603,North 11th Street,,Brooklyn,NY,11211,North 11th Street Unit 4W Brooklyn NY 11211,fuzzy,0.85,matched
none-bushwick-avenue-unit-2b-brooklyn-ny-11211-0,Bushwick Avenue,Unit 2B,Brooklyn,NY,11211,Bushwick Avenue Unit 2B Brooklyn NY 11211,42605,Conselyea Street,,Brooklyn,NY,11211,Conselyea Street Unit 1 Brooklyn NY 11211,fuzzy,0.85,matched
none-190-south-1st-street-unit-4b-brooklyn-ny-11211,190 South 1st Street,Unit 4B,Brooklyn,NY,11211,190 South 1st Street Unit 4B Brooklyn NY 11211,42603,North 11th Street,,Brooklyn,NY,11211,North 11th Street Unit 4W Brooklyn NY 11211,fuzzy,0.85,matched
none-229-withers-street-unit-2a-brooklyn-ny-11211,229 Withers Street,Unit 2A,Brooklyn,NY,11211,229 Withers Street Unit 2A Brooklyn NY 11211,42603,North 11th Street,,Brooklyn,NY,11211,North 11th Street Unit 4W Brooklyn NY 11211,fuzzy,0.85,matched
none-185-withers-street-unit-2-brooklyn-ny-11211,185 Withers Street,Unit 2,Brooklyn,NY,11211,185 Withers Street Unit 2 Brooklyn NY 11211,42603,North 11th Street,,Brooklyn,NY,11211,North 11th Street Unit 4W Brooklyn NY 11211,fuzzy,0.85,matched
none-224-north-6th-street-unit-3-brooklyn-ny-11211,224 North 6th Street,Unit 3,Brooklyn,NY,11211,224 North 6th Street Unit 3 Brooklyn NY 11211,42603,North 11th Street,,Brooklyn,NY,11211,North 11th Street Unit 4W Brooklyn NY 11211,fuzzy,0.85,matched
none-88-withers-street-unit-5e-brooklyn-ny-11211,88 Withers Street,Unit 5E,Brooklyn,NY,11211,88 Withers Street Unit 5E Brooklyn NY 11211,42603,North 11th Street,,Brooklyn,NY,11211,North 11th Street Unit 4W Brooklyn NY 11211,fuzzy,0.85,matched
none-185-withers-street-unit-1-brooklyn-ny-11211,185 Withers Street,Unit 1,Brooklyn,NY,11211,185 Withers Street Unit 1 Brooklyn NY 11211,42603,North 11th Street,,Brooklyn,NY,11211,North 11th Street Unit 4W Brooklyn NY 11211,fuzzy,0.85,matched
none-withers-street-unit-ph3-brooklyn-ny-11211,Withers Street,Unit PH3,Brooklyn,NY,11211,Withers Street Unit PH3 Brooklyn NY 11211,42603,North 11th Street,,Brooklyn,NY,11211,North 11th Street Unit 4W Brooklyn NY 11211,fuzzy,0.85,matched
none-323-south-5th-street-unit-4-brooklyn-ny-11211,323 South 5th Street,Unit 4,Brooklyn,NY,11211,323 South 5th Street Unit 4 Brooklyn NY 11211,42603,North 11th Street,,Brooklyn,NY,11211,North 11th Street Unit 4W Brooklyn NY 11211,fuzzy,0.85,matched
none-bushwick-avenue-unit-2b-brooklyn-ny-11211,Bushwick Avenue,Unit 2B,Brooklyn,NY,11211,Bushwick Avenue Unit 2B Brooklyn NY 11211,42605,Conselyea Street,,Brooklyn,NY,11211,Conselyea Street Unit 1 Brooklyn NY 11211,fuzzy,0.85,matched
none-444-humboldt-street-unit-2-brooklyn-ny-11211,444 Humboldt Street,Unit 2,Brooklyn,NY,11211,444 Humboldt Street Unit 2 Brooklyn NY 11211,42603,North 11th Street,,Brooklyn,NY,11211,North 11th Street Unit 4W Brooklyn NY 11211,fuzzy,0.85,matched
none-229-withers-street-unit-3b-brooklyn-ny-11211,229 Withers Street,Unit 3B,Brooklyn,NY,11211,229 Withers Street Unit 3B Brooklyn NY 11211,42603,North 11th Street,,Brooklyn,NY,11211,North 11th Street Unit 4W Brooklyn NY 11211,fuzzy,0.85,matched
none-229-withers-street-unit-2d-brooklyn-ny-11211,229 Withers Street,Unit 2D,Brooklyn,NY,11211,229 Withers Street Unit 2D Brooklyn NY 11211,42603,North 11th Street,,Brooklyn,NY,11211,North 11th Street Unit 4W Brooklyn NY 11211,fuzzy,0.85,matched
none-323-south-5th-street-unit-4-brooklyn-ny-11211-0,323 South 5th Street,Unit 4,Brooklyn,NY,11211,323 South 5th Street Unit 4 Brooklyn NY 11211,42603,North 11th Street,,Brooklyn,NY,11211,North 11th Street Unit 4W Brooklyn NY 11211,fuzzy,0.85,matched
none-south-8th-street-unit-1a-brooklyn-ny-11211-0,South 8th Street,Unit 1A,Brooklyn,NY,11211,South 8th Street Unit 1A Brooklyn NY 11211,42605,Conselyea Street,,Brooklyn,NY,11211,Conselyea Street Unit 1 Brooklyn NY 11211,fuzzy,0.8421052631578947,matched
none-north-11th-street-unit-5r-brooklyn-ny-11211-0,North 11th Street,Unit 5R,Brooklyn,NY,11211,North 11th Street Unit 5R Brooklyn NY 11211,42603,North 11th Street,,Brooklyn,NY,11211,North 11th Street Unit 4W Brooklyn NY 11211,fuzzy,0.8421052631578947,matched
none-217-north-11th-street-unit-1-brooklyn-ny-11211,217 North 11th Street,Unit 1,Brooklyn,NY,11211,217 North 11th Street Unit 1 Brooklyn NY 11211,42603,North 11th Street,,Brooklyn,NY,11211,North 11th Street Unit 4W Brooklyn NY 11211,fuzzy,0.8421052631578947,matched
none-north-6th-street-unit-2r-brooklyn-ny-11211,North 6th Street,Unit 2R,Brooklyn,NY,11211,North 6th Street Unit 2R Brooklyn NY 11211,42603,North 11th Street,,Brooklyn,NY,11211,North 11th Street Unit 4W Brooklyn NY 11211,fuzzy,0.8421052631578947,matched
none-south-5th-street-unit-c2-brooklyn-ny-11211,South 5th Street,Unit C2,Brooklyn,NY,11211,South 5th Street Unit C2 Brooklyn NY 11211,42605,Conselyea Street,,Brooklyn,NY,11211,Conselyea Street Unit 1 Brooklyn NY 11211,fuzzy,0.8421052631578947,matched
none-skillman-avenue-unit-1a-brooklyn-ny-11211,Skillman Avenue,Unit 1A,Brooklyn,NY,11211,Skillman Avenue Unit 1A Brooklyn NY 11211,42605,Conselyea Street,,Brooklyn,NY,11211,Conselyea Street Unit 1 Brooklyn NY 11211,fuzzy,0.8421052631578947,matched
none-south-8th-street-unit-1a-brooklyn-ny-11211,South 8th Street,Unit 1A,Brooklyn,NY,11211,South 8th Street Unit 1A Brooklyn NY 11211,42605,Conselyea Street,,Brooklyn,NY,11211,Conselyea Street Unit 1 Brooklyn NY 11211,fuzzy,0.8421052631578947,matched
none-north-6th-street-unit-1-brooklyn-ny-11211,North 6th Street,Unit 1,Brooklyn,NY,11211,North 6th Street Unit 1 Brooklyn NY 11211,42603,North 11th Street,,Brooklyn,NY,11211,North 11th Street Unit 4W Brooklyn NY 11211,fuzzy,0.8421052631578947,matched
none-devoe-street-unit-na-brooklyn-ny-11211,Devoe Street,Unit NA,Brooklyn,NY,11211,Devoe Street Unit NA Brooklyn NY 11211,42605,Conselyea Street,,Brooklyn,NY,11211,Conselyea Street Unit 1 Brooklyn NY 11211,fuzzy,0.8421052631578947,matched
none-roebling-street-unit-4b-brooklyn-ny-11211,Roebling Street,Unit 4B,Brooklyn,NY,11211,Roebling Street Unit 4B Brooklyn NY 11211,42603,North 11th Street,,Brooklyn,NY,11211,North 11th Street Unit 4W Brooklyn NY 11211,fuzzy,0.8421052631578947,matched
none-bayard-street-unit-2g-brooklyn-ny-11211,Bayard Street,Unit 2G,Brooklyn,NY,11211,Bayard Street Unit 2G Brooklyn NY 11211,42605,Conselyea Street,,Brooklyn,NY,11211,Conselyea Street Unit 1 Brooklyn NY 11211,fuzzy,0.8421052631578947,matched
none-171-north-1st-street-unit-1a-brooklyn-ny-11211,171 North 1st Street,Unit 1A,Brooklyn,NY,11211,171 North 1st Street Unit 1A Brooklyn NY 11211,42605,Conselyea Street,,Brooklyn,NY,11211,Conselyea Street Unit 1 Brooklyn NY 11211,fuzzy,0.8421052631578947,matched
none-south-5th-street-unit-2-brooklyn-ny-11211,South 5th Street,Unit 2,Brooklyn,NY,11211,South 5th Street Unit 2 Brooklyn NY 11211,42603,North 11th Street,,Brooklyn,NY,11211,North 11th Street Unit 4W Brooklyn NY 11211,fuzzy,0.8421052631578947,matched
none-north-11th-street-unit-5r-brooklyn-ny-11211,North 11th Street,Unit 5R,Brooklyn,NY,11211,North 11th Street Unit 5R Brooklyn NY 11211,42603,North 11th Street,,Brooklyn,NY,11211,North 11th Street Unit 4W Brooklyn NY 11211,fuzzy,0.8421052631578947,matched
none-20-bayard-street-unit-11b-brooklyn-ny-11211,20 Bayard Street,Unit 11B,Brooklyn,NY,11211,20 Bayard Street Unit 11B Brooklyn NY 11211,42605,Conselyea Street,,Brooklyn,NY,11211,Conselyea Street Unit 1 Brooklyn NY 11211,fuzzy,0.8421052631578947,matched
none-skillman-avenue-unit-2-brooklyn-ny-11211,Skillman Avenue,Unit 2,Brooklyn,NY,11211,Skillman Avenue Unit 2 Brooklyn NY 11211,42605,Conselyea Street,,Brooklyn,NY,11211,Conselyea Street Unit 1 Brooklyn NY 11211,fuzzy,0.8421052631578947,matched
none-skillman-avenue-unit-2-brooklyn-ny-11211-0,Skillman Avenue,Unit 2,Brooklyn,NY,11211,Skillman Avenue Unit 2 Brooklyn NY 11211,42605,Conselyea Street,,Brooklyn,NY,11211,Conselyea Street Unit 1 Brooklyn NY 11211,fuzzy,0.8421052631578947,matched
none-hope-street-unit-pha-brooklyn-ny-11211,Hope Street,Unit PHA,Brooklyn,NY,11211,Hope Street Unit PHA Brooklyn NY 11211,42605,Conselyea Street,,Brooklyn,NY,11211,Conselyea Street Unit 1 Brooklyn NY 11211,fuzzy,0.8421052631578947,matched
none-union-avenue-unit-5c-brooklyn-ny-11211,Union Avenue,Unit 5C,Brooklyn,NY,11211,Union Avenue Unit 5C Brooklyn NY 11211,42605,Conselyea Street,,Brooklyn,NY,11211,Conselyea Street Unit 1 Brooklyn NY 11211,fuzzy,0.8421052631578947,matched
none-union-avenue-unit-3c-brooklyn-ny-11211,Union Avenue,Unit 3C,Brooklyn,NY,11211,Union Avenue Unit 3C Brooklyn NY 11211,42605,Conselyea Street,,Brooklyn,NY,11211,Conselyea Street Unit 1 Brooklyn NY 11211,fuzzy,0.8421052631578947,matched
none-south-5th-street-unit-c1-brooklyn-ny-11211,South 5th Street,Unit C1,Brooklyn,NY,11211,South 5th Street Unit C1 Brooklyn NY 11211,42605,Conselyea Street,,Brooklyn,NY,11211,Conselyea Street Unit 1 Brooklyn NY 11211,fuzzy,0.8421052631578947,matched
none-south-5th-street-unit-2-brooklyn-ny-11211-0,South 5th Street,Unit 2,Brooklyn,NY,11211,South 5th Street Unit 2 Brooklyn NY 11211,42603,North 11th Street,,Brooklyn,NY,11211,North 11th Street Unit 4W Brooklyn NY 11211,fuzzy,0.8421052631578947,matched
none-skillman-avenue-unit-1a-brooklyn-ny-11211-0,Skillman Avenue,Unit 1A,Brooklyn,NY,11211,Skillman Avenue Unit 1A Brooklyn NY 11211,42605,Conselyea Street,,Brooklyn,NY,11211,Conselyea Street Unit 1 Brooklyn NY 11211,fuzzy,0.8421052631578947,matched
none-bayard-street-unit-3b-brooklyn-ny-11211-0,Bayard Street,Unit 3B,Brooklyn,NY,11211,Bayard Street Unit 3B Brooklyn NY 11211,42605,Conselyea Street,,Brooklyn,NY,11211,Conselyea Street Unit 1 Brooklyn NY 11211,fuzzy,0.8421052631578947,matched
none-skillman-avenue-unit-1-brooklyn-ny-11211,Skillman Avenue,Unit 1,Brooklyn,NY,11211,Skillman Avenue Unit 1 Brooklyn NY 11211,42605,Conselyea Street,,Brooklyn,NY,11211,Conselyea Street Unit 1 Brooklyn NY 11211,fuzzy,0.8421052631578947,matched
none-bayard-street-unit-3b-brooklyn-ny-11211,Bayard Street,Unit 3B,Brooklyn,NY,11211,Bayard Street Unit 3B Brooklyn NY 11211,42605,Conselyea Street,,Brooklyn,NY,11211,Conselyea Street Unit 1 Brooklyn NY 11211,fuzzy,0.8421052631578947,matched
none-lorimer-street-unit-1-brooklyn-ny-11211,Lorimer Street,Unit 1,Brooklyn,NY,11211,Lorimer Street Unit 1 Brooklyn NY 11211,42605,Conselyea Street,,Brooklyn,NY,11211,Conselyea Street Unit 1 Brooklyn NY 11211,fuzzy,0.8333333333333334,matched
none-roebling-street-unit-1-brooklyn-ny-11211,Roebling Street,Unit 1,Brooklyn,NY,11211,Roebling Street Unit 1 Brooklyn NY 11211,42605,Conselyea Street,,Brooklyn,NY,11211,Conselyea Street Unit 1 Brooklyn NY 11211,fuzzy,0.8333333333333334,matched
none-13-conselyea-street-none-brooklyn-ny-11211,13 Conselyea Street,,Brooklyn,NY,11211,13 Conselyea Street Brooklyn NY 11211,42605,Conselyea Street,,Brooklyn,NY,11211,Conselyea Street Unit 1 Brooklyn NY 11211,fuzzy,0.8333333333333334,matched
none-179-jackson-street-unit-3a-brooklyn-ny-11211,179 Jackson Street,Unit 3A,Brooklyn,NY,11211,179 Jackson Street Unit 3A Brooklyn NY 11211,42606,Jackson Street,,Brooklyn,NY,11211,Jackson Street Unit 4 Brooklyn NY 11211,fuzzy,0.8181818181818182,matched
none-181-jackson-street-unit-ph-brooklyn-ny-11211,181 Jackson Street,Unit PH,Brooklyn,NY,11211,181 Jackson Street Unit PH Brooklyn NY 11211,42606,Jackson Street,,Brooklyn,NY,11211,Jackson Street Unit 4 Brooklyn NY 11211,fuzzy,0.8181818181818182,matched
none-179-jackson-street-unit-5-brooklyn-ny-11211,179 Jackson Street,Unit 5,Brooklyn,NY,11211,179 Jackson Street Unit 5 Brooklyn NY 11211,42606,Jackson Street,,Brooklyn,NY,11211,Jackson Street Unit 4 Brooklyn NY 11211,fuzzy,0.8181818181818182,matched
none-179-jackson-street-unit-5a-brooklyn-ny-11211,179 Jackson Street,Unit 5A,Brooklyn,NY,11211,179 Jackson Street Unit 5A Brooklyn NY 11211,42606,Jackson Street,,Brooklyn,NY,11211,Jackson Street Unit 4 Brooklyn NY 11211,fuzzy,0.8181818181818182,matched
none-131-jackson-street-unit-phb-brooklyn-ny-11211,131 Jackson Street,Unit PHB,Brooklyn,NY,11211,131 Jackson Street Unit PHB Brooklyn NY 11211,42606,Jackson Street,,Brooklyn,NY,11211,Jackson Street Unit 4 Brooklyn NY 11211,fuzzy,0.8181818181818182,matched
none-bushwick-avenue-unit-8b-brooklyn-ny-11211,Bushwick Avenue,Unit 8B,Brooklyn,NY,11211,Bushwick Avenue Unit 8B Brooklyn NY 11211,42605,Conselyea Street,,Brooklyn,NY,11211,Conselyea Street Unit 1 Brooklyn NY 11211,fuzzy,0.8095238095238095,matched
none-150-richardson-street-unit-2a-brooklyn-ny-11211,150 Richardson Street,Unit 2A,Brooklyn,NY,11211,150 Richardson Street Unit 2A Brooklyn NY 11211,42605,Conselyea Street,,Brooklyn,NY,11211,Conselyea Street Unit 1 Brooklyn NY 11211,fuzzy,0.8095238095238095,matched
none-154-south-3rd-street-unit-24-brooklyn-ny-11211,154 South 3rd Street,Unit 24,Brooklyn,NY,11211,154 South 3rd Street Unit 24 Brooklyn NY 11211,42603,North 11th Street,,Brooklyn,NY,11211,North 11th Street Unit 4W Brooklyn NY 11211,fuzzy,0.8095238095238095,matched
none-240-powers-street-unit-6-brooklyn-ny-11211,240 Powers Street,Unit 6,Brooklyn,NY,11211,240 Powers Street Unit 6 Brooklyn NY 11211,42603,North 11th Street,,Brooklyn,NY,11211,North 11th Street Unit 4W Brooklyn NY 11211,fuzzy,0.8095238095238095,matched
none-240-powers-street-unit-6-brooklyn-ny-11211-0,240 Powers Street,Unit 6,Brooklyn,NY,11211,240 Powers Street Unit 6 Brooklyn NY 11211,42603,North 11th Street,,Brooklyn,NY,11211,North 11th Street Unit 4W Brooklyn NY 11211,fuzzy,0.8095238095238095,matched
none-176-south-4th-street-unit-4a-brooklyn-ny-11211,176 South 4th Street,Unit 4A,Brooklyn,NY,11211,176 South 4th Street Unit 4A Brooklyn NY 11211,42603,North 11th Street,,Brooklyn,NY,11211,North 11th Street Unit 4W Brooklyn NY 11211,fuzzy,0.8095238095238095,matched
none-bushwick-avenue-unit-5a-brooklyn-ny-11211,Bushwick Avenue,Unit 5A,Brooklyn,NY,11211,Bushwick Avenue Unit 5A Brooklyn NY 11211,42605,Conselyea Street,,Brooklyn,NY,11211,Conselyea Street Unit 1 Brooklyn NY 11211,fuzzy,0.8095238095238095,matched
none-72-richardson-street-unit-19-brooklyn-ny-11211-0,72 Richardson Street,Unit 19,Brooklyn,NY,11211,72 Richardson Street Unit 19 Brooklyn NY 11211,42605,Conselyea Street,,Brooklyn,NY,11211,Conselyea Street Unit 1 Brooklyn NY 11211,fuzzy,0.8095238095238095,matched
none-88-withers-street-unit-7d-brooklyn-ny-11211,88 Withers Street,Unit 7D,Brooklyn,NY,11211,88 Withers Street Unit 7D Brooklyn NY 11211,42603,North 11th Street,,Brooklyn,NY,11211,North 11th Street Unit 4W Brooklyn NY 11211,fuzzy,0.8095238095238095,matched
none-76-richardson-street-unit-7-brooklyn-ny-11211,76 Richardson Street,Unit 7,Brooklyn,NY,11211,76 Richardson Street Unit 7 Brooklyn NY 11211,42605,Conselyea Street,,Brooklyn,NY,11211,Conselyea Street Unit 1 Brooklyn NY 11211,fuzzy,0.8095238095238095,matched
none-88-withers-street-unit-ph3-brooklyn-ny-11211,88 Withers Street,Unit PH3,Brooklyn,NY,11211,88 Withers Street Unit PH3 Brooklyn NY 11211,42603,North 11th Street,,Brooklyn,NY,11211,North 11th Street Unit 4W Brooklyn NY 11211,fuzzy,0.8095238095238095,matched
none-bushwick-avenue-unit-7b-brooklyn-ny-11211-0,Bushwick Avenue,Unit 7B,Brooklyn,NY,11211,Bushwick Avenue Unit 7B Brooklyn NY 11211,42605,Conselyea Street,,Brooklyn,NY,11211,Conselyea Street Unit 1 Brooklyn NY 11211,fuzzy,0.8095238095238095,matched
none-bushwick-avenue-unit-6b-brooklyn-ny-11211,Bushwick Avenue,Unit 6B,Brooklyn,NY,11211,Bushwick Avenue Unit 6B Brooklyn NY 11211,42605,Conselyea Street,,Brooklyn,NY,11211,Conselyea Street Unit 1 Brooklyn NY 11211,fuzzy,0.8095238095238095,matched
none-bushwick-avenue-unit-5b-brooklyn-ny-11211,Bushwick Avenue,Unit 5B,Brooklyn,NY,11211,Bushwick Avenue Unit 5B Brooklyn NY 11211,42605,Conselyea Street,,Brooklyn,NY,11211,Conselyea Street Unit 1 Brooklyn NY 11211,fuzzy,0.8095238095238095,matched
none-bushwick-avenue-unit-7b-brooklyn-ny-11211,Bushwick Avenue,Unit 7B,Brooklyn,NY,11211,Bushwick Avenue Unit 7B Brooklyn NY 11211,42605,Conselyea Street,,Brooklyn,NY,11211,Conselyea Street Unit 1 Brooklyn NY 11211,fuzzy,0.8095238095238095,matched
none-185-withers-street-unit-3-brooklyn-ny-11211,185 Withers Street,Unit 3,Brooklyn,NY,11211,185 Withers Street Unit 3 Brooklyn NY 11211,42603,North 11th Street,,Brooklyn,NY,11211,North 11th Street Unit 4W Brooklyn NY 11211,fuzzy,0.8095238095238095,matched
none-72-richardson-street-unit-19-brooklyn-ny-11211,72 Richardson Street,Unit 19,Brooklyn,NY,11211,72 Richardson Street Unit 19 Brooklyn NY 11211,42605,Conselyea Street,,Brooklyn,NY,11211,Conselyea Street Unit 1 Brooklyn NY 11211,fuzzy,0.8095238095238095,matched
none-15-roebling-street-unit-4a-brooklyn-ny-11211,15 Roebling Street,Unit 4A,Brooklyn,NY,11211,15 Roebling Street Unit 4A Brooklyn NY 11211,42606,Jackson Street,,Brooklyn,NY,11211,Jackson Street Unit 4 Brooklyn NY 11211,fuzzy,0.8095238095238095,matched
none-30-bayard-street-unit-1a-brooklyn-ny-11211,30 Bayard Street,Unit 1A,Brooklyn,NY,11211,30 Bayard Street Unit 1A Brooklyn NY 11211,42605,Conselyea Street,,Brooklyn,NY,11211,Conselyea Street Unit 1 Brooklyn NY 11211,fuzzy,0.8,matched
none-north-6th-street-unit-3-brooklyn-ny-11211,North 6th Street,Unit 3,Brooklyn,NY,11211,North 6th Street Unit 3 Brooklyn NY 11211,42603,North 11th Street,,Brooklyn,NY,11211,North 11th Street Unit 4W Brooklyn NY 11211,fuzzy,0.8,matched
none-skillman-avenue-unit-3b-brooklyn-ny-11211,Skillman Avenue,Unit 3B,Brooklyn,NY,11211,Skillman Avenue Unit 3B Brooklyn NY 11211,42605,Conselyea Street,,Brooklyn,NY,11211,Conselyea Street Unit 1 Brooklyn NY 11211,fuzzy,0.8,matched
none-171-north-1st-street-unit-3a-brooklyn-ny-11211,171 North 1st Street,Unit 3A,Brooklyn,NY,11211,171 North 1st Street Unit 3A Brooklyn NY 11211,42605,Conselyea Street,,Brooklyn,NY,11211,Conselyea Street Unit 1 Brooklyn NY 11211,fuzzy,0.8,matched
none-171-north-1st-street-unit-3c-brooklyn-ny-11211,171 North 1st Street,Unit 3C,Brooklyn,NY,11211,171 North 1st Street Unit 3C Brooklyn NY 11211,42605,Conselyea Street,,Brooklyn,NY,11211,Conselyea Street Unit 1 Brooklyn NY 11211,fuzzy,0.8,matched
none-237-withers-street-none-brooklyn-ny-11211,237 Withers Street,,Brooklyn,NY,11211,237 Withers Street Brooklyn NY 11211,42603,North 11th Street,,Brooklyn,NY,11211,North 11th Street Unit 4W Brooklyn NY 11211,fuzzy,0.8,matched
none-north-8th-street-unit-ph-brooklyn-ny-11211-0,North 8th Street,Unit PH,Brooklyn,NY,11211,North 8th Street Unit PH Brooklyn NY 11211,42603,North 11th Street,,Brooklyn,NY,11211,North 11th Street Unit 4W Brooklyn NY 11211,fuzzy,0.8,matched
none-201-north-11th-street-unit-ph-brooklyn-ny-11211,201 North 11th Street,Unit PH,Brooklyn,NY,11211,201 North 11th Street Unit PH Brooklyn NY 11211,42603,North 11th Street,,Brooklyn,NY,11211,North 11th Street Unit 4W Brooklyn NY 11211,fuzzy,0.8,matched
none-skillman-avenue-unit-3-brooklyn-ny-11211-0,Skillman Avenue,Unit 3,Brooklyn,NY,11211,Skillman Avenue Unit 3 Brooklyn NY 11211,42605,Conselyea Street,,Brooklyn,NY,11211,Conselyea Street Unit 1 Brooklyn NY 11211,fuzzy,0.8,matched
none-170-south-4th-street-none-brooklyn-ny-11211,170 South 4th Street,,Brooklyn,NY,11211,170 South 4th Street Brooklyn NY 11211,42603,North 11th Street,,Brooklyn,NY,11211,North 11th Street Unit 4W Brooklyn NY 11211,fuzzy,0.8,matched
none-north-8th-street-unit-ph-brooklyn-ny-11211,North 8th Street,Unit PH,Brooklyn,NY,11211,North 8th Street Unit PH Brooklyn NY 11211,42603,North 11th Street,,Brooklyn,NY,11211,North 11th Street Unit 4W Brooklyn NY 11211,fuzzy,0.8,matched
none-north-10th-street-unit-3a-brooklyn-ny-11211,North 10th Street,Unit 3A,Brooklyn,NY,11211,North 10th Street Unit 3A Brooklyn NY 11211,42605,Conselyea Street,,Brooklyn,NY,11211,Conselyea Street Unit 1 Brooklyn NY 11211,fuzzy,0.8,matched
none-190-south-1st-street-unit-2b-brooklyn-ny-11211,190 South 1st Street,Unit 2B,Brooklyn,NY,11211,190 South 1st Street Unit 2B Brooklyn NY 11211,42603,North 11th Street,,Brooklyn,NY,11211,North 11th Street Unit 4W Brooklyn NY 11211,fuzzy,0.8,matched
none-171-north-1st-street-unit-5b-brooklyn-ny-11211,171 North 1st Street,Unit 5B,Brooklyn,NY,11211,171 North 1st Street Unit 5B Brooklyn NY 11211,42603,North 11th Street,,Brooklyn,NY,11211,North 11th Street Unit 4W Brooklyn NY 11211,fuzzy,0.8,matched
none-150-north-5th-street-unit-1h-brooklyn-ny-11211-0,150 North 5th Street,Unit 1H,Brooklyn,NY,11211,150 North 5th Street Unit 1H Brooklyn NY 11211,42603,North 11th Street,,Brooklyn,NY,11211,North 11th Street Unit 4W Brooklyn NY 11211,fuzzy,0.8,matched
none-171-north-1st-street-unit-3k-brooklyn-ny-11211,171 North 1st Street,Unit 3K,Brooklyn,NY,11211,171 North 1st Street Unit 3K Brooklyn NY 11211,42603,North 11th Street,,Brooklyn,NY,11211,North 11th Street Unit 4W Brooklyn NY 11211,fuzzy,0.8,matched
none-323-south-5th-street-unit-2-brooklyn-ny-11211,323 South 5th Street,Unit 2,Brooklyn,NY,11211,323 South 5th Street Unit 2 Brooklyn NY 11211,42603,North 11th Street,,Brooklyn,NY,11211,North 11th Street Unit 4W Brooklyn NY 11211,fuzzy,0.8,matched
none-323-south-5th-street-unit-1-brooklyn-ny-11211,323 South 5th Street,Unit 1,Brooklyn,NY,11211,323 South 5th Street Unit 1 Brooklyn NY 11211,42603,North 11th Street,,Brooklyn,NY,11211,North 11th Street Unit 4W Brooklyn NY 11211,fuzzy,0.8,matched
none-skillman-avenue-unit-3-brooklyn-ny-11211,Skillman Avenue,Unit 3,Brooklyn,NY,11211,Skillman Avenue Unit 3 Brooklyn NY 11211,42605,Conselyea Street,,Brooklyn,NY,11211,Conselyea Street Unit 1 Brooklyn NY 11211,fuzzy,0.8,matched
none-division-avenue-unit-16-brooklyn-ny-11211,Division Avenue,Unit 16,Brooklyn,NY,11211,Division Avenue Unit 16 Brooklyn NY 11211,42605,Conselyea Street,,Brooklyn,NY,11211,Conselyea Street Unit 1 Brooklyn NY 11211,fuzzy,0.8,matched
none-bayard-street-unit-3g-brooklyn-ny-11211,Bayard Street,Unit 3G,Brooklyn,NY,11211,Bayard Street Unit 3G Brooklyn NY 11211,42605,Conselyea Street,,Brooklyn,NY,11211,Conselyea Street Unit 1 Brooklyn NY 11211,fuzzy,0.8,matched
none-108-withers-street-none-brooklyn-ny-11211,108 Withers Street,,Brooklyn,NY,11211,108 Withers Street Brooklyn NY 11211,42603,North 11th Street,,Brooklyn,NY,11211,North 11th Street Unit 4W Brooklyn NY 11211,fuzzy,0.8,matched
none-south-5th-street-unit-3-brooklyn-ny-11211,South 5th Street,Unit 3,Brooklyn,NY,11211,South 5th Street Unit 3 Brooklyn NY 11211,42603,North 11th Street,,Brooklyn,NY,11211,North 11th Street Unit 4W Brooklyn NY 11211,fuzzy,0.8,matched
none-division-avenue-unit-16-brooklyn-ny-11211-0,Division Avenue,Unit 16,Brooklyn,NY,11211,Division Avenue Unit 16 Brooklyn NY 11211,42605,Conselyea Street,,Brooklyn,NY,11211,Conselyea Street Unit 1 Brooklyn NY 11211,fuzzy,0.8,matched
none-bayard-street-unit-3g-brooklyn-ny-11211-0,Bayard Street,Unit 3G,Brooklyn,NY,11211,Bayard Street Unit 3G Brooklyn NY 11211,42605,Conselyea Street,,Brooklyn,NY,11211,Conselyea Street Unit 1 Brooklyn NY 11211,fuzzy,0.8,matched
none-145-conselyea-street-none-brooklyn-ny-11211,145 Conselyea Street,,Brooklyn,NY,11211,145 Conselyea Street Brooklyn NY 11211,42606,Jackson Street,,Brooklyn,NY,11211,Jackson Street Unit 4 Brooklyn NY 11211,fuzzy,0.8,matched
none-212-north-9th-street-unit-3c-brooklyn-ny-11211,212 North 9th Street,Unit 3C,Brooklyn,NY,11211,212 North 9th Street Unit 3C Brooklyn NY 11211,42605,Conselyea Street,,Brooklyn,NY,11211,Conselyea Street Unit 1 Brooklyn NY 11211,fuzzy,0.8,matched
none-150-north-5th-street-unit-1h-brooklyn-ny-11211,150 North 5th Street,Unit 1H,Brooklyn,NY,11211,150 North 5th Street Unit 1H Brooklyn NY 11211,42603,North 11th Street,,Brooklyn,NY,11211,North 11th Street Unit 4W Brooklyn NY 11211,fuzzy,0.8,matched
none-108-withers-street-none-brooklyn-ny-11211-0,108 Withers Street,,Brooklyn,NY,11211,108 Withers Street Brooklyn NY 11211,42603,North 11th Street,,Brooklyn,NY,11211,North 11th Street Unit 4W Brooklyn NY 11211,fuzzy,0.8,matched
none-north-7th-street-unit-phb-brooklyn-ny-11211,North 7th Street,Unit PHB,Brooklyn,NY,11211,North 7th Street Unit PHB Brooklyn NY 11211,42603,North 11th Street,,Brooklyn,NY,11211,North 11th Street Unit 4W Brooklyn NY 11211,fuzzy,0.8,matched
none-170-south-1st-street-unit-2b-brooklyn-ny-11211-0,170 South 1st Street,Unit 2B,Brooklyn,NY,11211,170 South 1st Street Unit 2B Brooklyn NY 11211,42603,North 11th Street,,Brooklyn,NY,11211,North 11th Street Unit 4W Brooklyn NY 11211,fuzzy,0.8,matched
none-323-south-5th-street-unit-3-brooklyn-ny-11211,323 South 5th Street,Unit 3,Brooklyn,NY,11211,323 South 5th Street Unit 3 Brooklyn NY 11211,42603,North 11th Street,,Brooklyn,NY,11211,North 11th Street Unit 4W Brooklyn NY 11211,fuzzy,0.8,matched
none-170-south-1st-street-unit-2b-brooklyn-ny-11211,170 South 1st Street,Unit 2B,Brooklyn,NY,11211,170 South 1st Street Unit 2B Brooklyn NY 11211,42603,North 11th Street,,Brooklyn,NY,11211,North 11th Street Unit 4W Brooklyn NY 11211,fuzzy,0.8,matched
none-18-orient-avenue-none-brooklyn-ny-11211,18 Orient Avenue,,Brooklyn,NY,11211,18 Orient Avenue Brooklyn NY 11211,42605,Conselyea Street,,Brooklyn,NY,11211,Conselyea Street Unit 1 Brooklyn NY 11211,fuzzy,0.7894736842105263,matched
none-70-conselyea-street-none-brooklyn-ny-11211,70 Conselyea Street,,Brooklyn,NY,11211,70 Conselyea Street Brooklyn NY 11211,42605,Conselyea Street,,Brooklyn,NY,11211,Conselyea Street Unit 1 Brooklyn NY 11211,fuzzy,0.7894736842105263,matched
none-18-orient-avenue-none-brooklyn-ny-11211-0,18 Orient Avenue,,Brooklyn,NY,11211,18 Orient Avenue Brooklyn NY 11211,42605,Conselyea Street,,Brooklyn,NY,11211,Conselyea Street Unit 1 Brooklyn NY 11211,fuzzy,0.7894736842105263,matched
none-devoe-street-unit-2r-brooklyn-ny-11211,Devoe Street,Unit 2R,Brooklyn,NY,11211,Devoe Street Unit 2R Brooklyn NY 11211,42605,Conselyea Street,,Brooklyn,NY,11211,Conselyea Street Unit 1 Brooklyn NY 11211,fuzzy,0.7894736842105263,matched
none-devoe-street-unit-2r-brooklyn-ny-11211-0,Devoe Street,Unit 2R,Brooklyn,NY,11211,Devoe Street Unit 2R Brooklyn NY 11211,42605,Conselyea Street,,Brooklyn,NY,11211,Conselyea Street Unit 1 Brooklyn NY 11211,fuzzy,0.7894736842105263,matched
none-237-ainslie-street-none-brooklyn-ny-11211,237 Ainslie Street,,Brooklyn,NY,11211,237 Ainslie Street Brooklyn NY 11211,42605,Conselyea Street,,Brooklyn,NY,11211,Conselyea Street Unit 1 Brooklyn NY 11211,fuzzy,0.7894736842105263,matched
none-union-avenue-none-brooklyn-ny-11211,Union Avenue,,Brooklyn,NY,11211,Union Avenue Brooklyn NY 11211,42605,Conselyea Street,,Brooklyn,NY,11211,Conselyea Street Unit 1 Brooklyn NY 11211,fuzzy,0.7777777777777778,matched
none-maspeth-avenue-unit-7c-brooklyn-ny-11211,Maspeth Avenue,Unit 7C,Brooklyn,NY,11211,Maspeth Avenue Unit 7C Brooklyn NY 11211,42605,Conselyea Street,,Brooklyn,NY,11211,Conselyea Street Unit 1 Brooklyn NY 11211,fuzzy,0.7727272727272727,matched
none-30-bushwick-avenue-unit-1a-brooklyn-ny-11211,30 Bushwick Avenue,Unit 1A,Brooklyn,NY,11211,30 Bushwick Avenue Unit 1A Brooklyn NY 11211,42605,Conselyea Street,,Brooklyn,NY,11211,Conselyea Street Unit 1 Brooklyn NY 11211,fuzzy,0.7727272727272727,matched
none-147-hope-street-unit-3a-brooklyn-ny-11211,147 Hope Street,Unit 3A,Brooklyn,NY,11211,147 Hope Street Unit 3A Brooklyn NY 11211,42603,North 11th Street,,Brooklyn,NY,11211,North 11th Street Unit 4W Brooklyn NY 11211,fuzzy,0.7727272727272727,matched
none-skillman-avenue-unit-4f-brooklyn-ny-11211,Skillman Avenue,Unit 4F,Brooklyn,NY,11211,Skillman Avenue Unit 4F Brooklyn NY 11211,42606,Jackson Street,,Brooklyn,NY,11211,Jackson Street Unit 4 Brooklyn NY 11211,fuzzy,0.7727272727272727,matched
none-96-woodpoint-road-unit-2c-brooklyn-ny-11211,96 Woodpoint Road,Unit 2C,Brooklyn,NY,11211,96 Woodpoint Road Unit 2C Brooklyn NY 11211,42604,128 Woodpoint Road,,Brooklyn,NY,11211,128 Woodpoint Road Unit 5 Brooklyn NY 11211,fuzzy,0.7727272727272727,matched
none-179-woodpoint-road-unit-2c-brooklyn-ny-11211,179 Woodpoint Road,Unit 2C,Brooklyn,NY,11211,179 Woodpoint Road Unit 2C Brooklyn NY 11211,42604,128 Woodpoint Road,,Brooklyn,NY,11211,128 Woodpoint Road Unit 5 Brooklyn NY 11211,fuzzy,0.7727272727272727,matched
none-30-bushwick-avenue-unit-2a-brooklyn-ny-11211,30 Bushwick Avenue,Unit 2A,Brooklyn,NY,11211,30 Bushwick Avenue Unit 2A Brooklyn NY 11211,42605,Conselyea Street,,Brooklyn,NY,11211,Conselyea Street Unit 1 Brooklyn NY 11211,fuzzy,0.7727272727272727,matched
none-96-woodpoint-road-unit-3a-brooklyn-ny-11211,96 Woodpoint Road,Unit 3A,Brooklyn,NY,11211,96 Woodpoint Road Unit 3A Brooklyn NY 11211,42604,128 Woodpoint Road,,Brooklyn,NY,11211,128 Woodpoint Road Unit 5 Brooklyn NY 11211,fuzzy,0.7727272727272727,matched
none-30-bushwick-avenue-unit-3b-brooklyn-ny-11211,30 Bushwick Avenue,Unit 3B,Brooklyn,NY,11211,30 Bushwick Avenue Unit 3B Brooklyn NY 11211,42605,Conselyea Street,,Brooklyn,NY,11211,Conselyea Street Unit 1 Brooklyn NY 11211,fuzzy,0.7727272727272727,matched
none-skillman-avenue-unit-4f-brooklyn-ny-11211-0,Skillman Avenue,Unit 4F,Brooklyn,NY,11211,Skillman Avenue Unit 4F Brooklyn NY 11211,42606,Jackson Street,,Brooklyn,NY,11211,Jackson Street Unit 4 Brooklyn NY 11211,fuzzy,0.7727272727272727,matched
none-96-woodpoint-road-unit-2c-brooklyn-ny-11211-0,96 Woodpoint Road,Unit 2C,Brooklyn,NY,11211,96 Woodpoint Road Unit 2C Brooklyn NY 11211,42604,128 Woodpoint Road,,Brooklyn,NY,11211,128 Woodpoint Road Unit 5 Brooklyn NY 11211,fuzzy,0.7727272727272727,matched
none-38-skillman-avenue-unit-1-brooklyn-ny-11211,38 Skillman Avenue,Unit 1,Brooklyn,NY,11211,38 Skillman Avenue Unit 1 Brooklyn NY 11211,42605,Conselyea Street,,Brooklyn,NY,11211,Conselyea Street Unit 1 Brooklyn NY 11211,fuzzy,0.7619047619047619,matched
none-239-jackson-street-none-brooklyn-ny-11211,239 Jackson Street,,Brooklyn,NY,11211,239 Jackson Street Brooklyn NY 11211,42606,Jackson Street,,Brooklyn,NY,11211,Jackson Street Unit 4 Brooklyn NY 11211,fuzzy,0.7619047619047619,matched
none-50-bayard-street-unit-3n-brooklyn-ny-11211,50 Bayard Street,Unit 3N,Brooklyn,NY,11211,50 Bayard Street Unit 3N Brooklyn NY 11211,42605,Conselyea Street,,Brooklyn,NY,11211,Conselyea Street Unit 1 Brooklyn NY 11211,fuzzy,0.7619047619047619,matched
none-38-skillman-avenue-unit-1-brooklyn-ny-11211-0,38 Skillman Avenue,Unit 1,Brooklyn,NY,11211,38 Skillman Avenue Unit 1 Brooklyn NY 11211,42605,Conselyea Street,,Brooklyn,NY,11211,Conselyea Street Unit 1 Brooklyn NY 11211,fuzzy,0.7619047619047619,matched
none-446-humboldt-street-none-brooklyn-ny-11211,446 Humboldt Street,,Brooklyn,NY,11211,446 Humboldt Street Brooklyn NY 11211,42603,North 11th Street,,Brooklyn,NY,11211,North 11th Street Unit 4W Brooklyn NY 11211,fuzzy,0.7619047619047619,matched
none-171-north-1st-street-unit-6d-brooklyn-ny-11211,171 North 1st Street,Unit 6D,Brooklyn,NY,11211,171 North 1st Street Unit 6D Brooklyn NY 11211,42603,North 11th Street,,Brooklyn,NY,11211,North 11th Street Unit 4W Brooklyn NY 11211,fuzzy,0.7619047619047619,matched
none-170-north-11th-street-unit-3a-brooklyn-ny-11211,170 North 11th Street,Unit 3A,Brooklyn,NY,11211,170 North 11th Street Unit 3A Brooklyn NY 11211,42605,Conselyea Street,,Brooklyn,NY,11211,Conselyea Street Unit 1 Brooklyn NY 11211,fuzzy,0.7619047619047619,matched
none-76-roebling-street-unit-4b-brooklyn-ny-11211,76 Roebling Street,Unit 4B,Brooklyn,NY,11211,76 Roebling Street Unit 4B Brooklyn NY 11211,42603,North 11th Street,,Brooklyn,NY,11211,North 11th Street Unit 4W Brooklyn NY 11211,fuzzy,0.7619047619047619,matched
none-139-skillman-avenue-unit-9b-brooklyn-ny-11211,139 Skillman Avenue,Unit 9B,Brooklyn,NY,11211,139 Skillman Avenue Unit 9B Brooklyn NY 11211,42605,Conselyea Street,,Brooklyn,NY,11211,Conselyea Street Unit 1 Brooklyn NY 11211,fuzzy,0.7619047619047619,matched
none-139-skillman-avenue-unit-9ab-brooklyn-ny-11211,139 Skillman Avenue,Unit 9AB,Brooklyn,NY,11211,139 Skillman Avenue Unit 9AB Brooklyn NY 11211,42605,Conselyea Street,,Brooklyn,NY,11211,Conselyea Street Unit 1 Brooklyn NY 11211,fuzzy,0.7619047619047619,matched
none-108-division-avenue-unit-12a-brooklyn-ny-11211,108 Division Avenue,Unit 12A,Brooklyn,NY,11211,108 Division Avenue Unit 12A Brooklyn NY 11211,42605,Conselyea Street,,Brooklyn,NY,11211,Conselyea Street Unit 1 Brooklyn NY 11211,fuzzy,0.7619047619047619,matched
none-446-humboldt-street-none-brooklyn-ny-11211-0,446 Humboldt Street,,Brooklyn,NY,11211,446 Humboldt Street Brooklyn NY 11211,42603,North 11th Street,,Brooklyn,NY,11211,North 11th Street Unit 4W Brooklyn NY 11211,fuzzy,0.7619047619047619,matched
none-1-powers-street-unit-602-brooklyn-ny-11211-0,1 Powers Street,Unit 602,Brooklyn,NY,11211,1 Powers Street Unit 602 Brooklyn NY 11211,42603,North 11th Street,,Brooklyn,NY,11211,North 11th Street Unit 4W Brooklyn NY 11211,fuzzy,0.7619047619047619,matched
none-havemeyer-street-unit-6a-brooklyn-ny-11211,Havemeyer Street,Unit 6A,Brooklyn,NY,11211,Havemeyer Street Unit 6A Brooklyn NY 11211,42605,Conselyea Street,,Brooklyn,NY,11211,Conselyea Street Unit 1 Brooklyn NY 11211,fuzzy,0.7619047619047619,matched
none-50-bayard-street-unit-2g-brooklyn-ny-11211,50 Bayard Street,Unit 2G,Brooklyn,NY,11211,50 Bayard Street Unit 2G Brooklyn NY 11211,42605,Conselyea Street,,Brooklyn,NY,11211,Conselyea Street Unit 1 Brooklyn NY 11211,fuzzy,0.7619047619047619,matched
none-305-union-avenue-unit-5c-brooklyn-ny-11211,305 Union Avenue,Unit 5C,Brooklyn,NY,11211,305 Union Avenue Unit 5C Brooklyn NY 11211,42605,Conselyea Street,,Brooklyn,NY,11211,Conselyea Street Unit 1 Brooklyn NY 11211,fuzzy,0.7619047619047619,matched
none-manhattan-avenue-unit-4r-brooklyn-ny-11211,Manhattan Avenue,Unit 4R,Brooklyn,NY,11211,Manhattan Avenue Unit 4R Brooklyn NY 11211,42603,North 11th Street,,Brooklyn,NY,11211,North 11th Street Unit 4W Brooklyn NY 11211,fuzzy,0.7619047619047619,matched
none-1-powers-street-unit-602-brooklyn-ny-11211,1 Powers Street,Unit 602,Brooklyn,NY,11211,1 Powers Street Unit 602 Brooklyn NY 11211,42603,North 11th Street,,Brooklyn,NY,11211,North 11th Street Unit 4W Brooklyn NY 11211,fuzzy,0.7619047619047619,matched
none-havemeyer-street-unit-6a-brooklyn-ny-11211-0,Havemeyer Street,Unit 6A,Brooklyn,NY,11211,Havemeyer Street Unit 6A Brooklyn NY 11211,42605,Conselyea Street,,Brooklyn,NY,11211,Conselyea Street Unit 1 Brooklyn NY 11211,fuzzy,0.7619047619047619,matched
none-215-north-10th-street-unit-pha-brooklyn-ny-11211,215 North 10th Street,Unit PHA,Brooklyn,NY,11211,215 North 10th Street Unit PHA Brooklyn NY 11211,42605,Conselyea Street,,Brooklyn,NY,11211,Conselyea Street Unit 1 Brooklyn NY 11211,fuzzy,0.7619047619047619,matched
none-139-skillman-avenue-unit-9a-brooklyn-ny-11211,139 Skillman Avenue,Unit 9A,Brooklyn,NY,11211,139 Skillman Avenue Unit 9A Brooklyn NY 11211,42605,Conselyea Street,,Brooklyn,NY,11211,Conselyea Street Unit 1 Brooklyn NY 11211,fuzzy,0.7619047619047619,matched
none-234-powers-street-none-brooklyn-ny-11211,234 Powers Street,,Brooklyn,NY,11211,234 Powers Street Brooklyn NY 11211,42603,North 11th Street,,Brooklyn,NY,11211,North 11th Street Unit 4W Brooklyn NY 11211,fuzzy,0.75,matched
none-30-bushwick-avenue-unit-4d-brooklyn-ny-11211,30 Bushwick Avenue,Unit 4D,Brooklyn,NY,11211,30 Bushwick Avenue Unit 4D Brooklyn NY 11211,42603,North 11th Street,,Brooklyn,NY,11211,North 11th Street Unit 4W Brooklyn NY 11211,fuzzy,0.75,matched
none-264-north-9th-street-none-brooklyn-ny-11211,264 North 9th Street,,Brooklyn,NY,11211,264 North 9th Street Brooklyn NY 11211,42603,North 11th Street,,Brooklyn,NY,11211,North 11th Street Unit 4W Brooklyn NY 11211,fuzzy,0.75,matched
none-80-roebling-street-unit-1-brooklyn-ny-11211,80 Roebling Street,Unit 1,Brooklyn,NY,11211,80 Roebling Street Unit 1 Brooklyn NY 11211,42605,Conselyea Street,,Brooklyn,NY,11211,Conselyea Street Unit 1 Brooklyn NY 11211,fuzzy,0.75,matched
none-80-roebling-street-unit-1-brooklyn-ny-11211-0,80 Roebling Street,Unit 1,Brooklyn,NY,11211,80 Roebling Street Unit 1 Brooklyn NY 11211,42605,Conselyea Street,,Brooklyn,NY,11211,Conselyea Street Unit 1 Brooklyn NY 11211,fuzzy,0.75,matched
none-manhattan-avenue-unit-2-brooklyn-ny-11211,Manhattan Avenue,Unit 2,Brooklyn,NY,11211,Manhattan Avenue Unit 2 Brooklyn NY 11211,42605,Conselyea Street,,Brooklyn,NY,11211,Conselyea Street Unit 1 Brooklyn NY 11211,fuzzy,0.75,matched
none-277-south-2nd-street-none-brooklyn-ny-11211,277 South 2nd Street,,Brooklyn,NY,11211,277 South 2nd Street Brooklyn NY 11211,42603,North 11th Street,,Brooklyn,NY,11211,North 11th Street Unit 4W Brooklyn NY 11211,fuzzy,0.75,matched
none-manhattan-avenue-unit-2r-brooklyn-ny-11211,Manhattan Avenue,Unit 2R,Brooklyn,NY,11211,Manhattan Avenue Unit 2R Brooklyn NY 11211,42605,Conselyea Street,,Brooklyn,NY,11211,Conselyea Street Unit 1 Brooklyn NY 11211,fuzzy,0.75,matched
rplu-10325230448-174-north-6th-street-none-brooklyn-ny-11211,174 North 6th Street,,Brooklyn,NY,11211,174 North 6th Street Brooklyn NY 11211,42603,North 11th Street,,Brooklyn,NY,11211,North 11th Street Unit 4W Brooklyn NY 11211,fuzzy,0.75,matched
none-union-avenue-unit-206-brooklyn-ny-11211,Union Avenue,Unit 206,Brooklyn,NY,11211,Union Avenue Unit 206 Brooklyn NY 11211,42605,Conselyea Street,,Brooklyn,NY,11211,Conselyea Street Unit 1 Brooklyn NY 11211,fuzzy,0.75,matched
none-432-grand-street-unit-201-brooklyn-ny-11211,432 Grand Street,Unit 201,Brooklyn,NY,11211,432 Grand Street Unit 201 Brooklyn NY 11211,42606,Jackson Street,,Brooklyn,NY,11211,Jackson Street Unit 4 Brooklyn NY 11211,fuzzy,0.7391304347826086,matched
none-40-skillman-avenue-unit-3b-brooklyn-ny-11211,40 Skillman Avenue,Unit 3B,Brooklyn,NY,11211,40 Skillman Avenue Unit 3B Brooklyn NY 11211,42606,Jackson Street,,Brooklyn,NY,11211,Jackson Street Unit 4 Brooklyn NY 11211,fuzzy,0.7391304347826086,matched
none-850-metropolitan-avenue-unit-1e-brooklyn-ny-11211,850 Metropolitan Avenue,Unit 1E,Brooklyn,NY,11211,850 Metropolitan Avenue Unit 1E Brooklyn NY 11211,42604,128 Woodpoint Road,,Brooklyn,NY,11211,128 Woodpoint Road Unit 5 Brooklyn NY 11211,fuzzy,0.7391304347826086,matched
none-30-bushwick-avenue-unit-5c-brooklyn-ny-11211,30 Bushwick Avenue,Unit 5C,Brooklyn,NY,11211,30 Bushwick Avenue Unit 5C Brooklyn NY 11211,42605,Conselyea Street,,Brooklyn,NY,11211,Conselyea Street Unit 1 Brooklyn NY 11211,fuzzy,0.7391304347826086,matched
none-40-skillman-avenue-unit-3b-brooklyn-ny-11211-0,40 Skillman Avenue,Unit 3B,Brooklyn,NY,11211,40 Skillman Avenue Unit 3B Brooklyn NY 11211,42606,Jackson Street,,Brooklyn,NY,11211,Jackson Street Unit 4 Brooklyn NY 11211,fuzzy,0.7391304347826086,matched
none-30-bushwick-avenue-unit-6b-brooklyn-ny-11211,30 Bushwick Avenue,Unit 6B,Brooklyn,NY,11211,30 Bushwick Avenue Unit 6B Brooklyn NY 11211,42605,Conselyea Street,,Brooklyn,NY,11211,Conselyea Street Unit 1 Brooklyn NY 11211,fuzzy,0.7391304347826086,matched
none-256-withers-street-unit-6fam-brooklyn-ny-11211,256 Withers Street,Unit 6FAM,Brooklyn,NY,11211,256 Withers Street Unit 6FAM Brooklyn NY 11211,42603,North 11th Street,,Brooklyn,NY,11211,North 11th Street Unit 4W Brooklyn NY 11211,fuzzy,0.7391304347826086,matched
none-30-bushwick-avenue-unit-7a-brooklyn-ny-11211,30 Bushwick Avenue,Unit 7A,Brooklyn,NY,11211,30 Bushwick Avenue Unit 7A Brooklyn NY 11211,42605,Conselyea Street,,Brooklyn,NY,11211,Conselyea Street Unit 1 Brooklyn NY 11211,fuzzy,0.7391304347826086,matched
none-153-south-4th-street-unit-5-williamsburg-ny-11211,153 South 4th Street,Unit 5,Williamsburg,NY,11211,153 South 4th Street Unit 5 Williamsburg NY 11211,42603,North 11th Street,,Brooklyn,NY,11211,North 11th Street Unit 4W Brooklyn NY 11211,fuzzy,0.7391304347826086,matched
none-308-north-7th-street-unit-4d-brooklyn-ny-11211,308 North 7th Street,Unit 4D,Brooklyn,NY,11211,308 North 7th Street Unit 4D Brooklyn NY 11211,42603,North 11th Street,,Brooklyn,NY,11211,North 11th Street Unit 4W Brooklyn NY 11211,fuzzy,0.7391304347826086,matched
none-30-bushwick-avenue-unit-5a-brooklyn-ny-11211,30 Bushwick Avenue,Unit 5A,Brooklyn,NY,11211,30 Bushwick Avenue Unit 5A Brooklyn NY 11211,42605,Conselyea Street,,Brooklyn,NY,11211,Conselyea Street Unit 1 Brooklyn NY 11211,fuzzy,0.7391304347826086,matched
none-100-maspeth-avenue-unit-7c-brooklyn-ny-11211,100 Maspeth Avenue,Unit 7C,Brooklyn,NY,11211,100 Maspeth Avenue Unit 7C Brooklyn NY 11211,42605,Conselyea Street,,Brooklyn,NY,11211,Conselyea Street Unit 1 Brooklyn NY 11211,fuzzy,0.7391304347826086,matched
none-50-bayard-street-unit-3j-brooklyn-ny-11211,50 Bayard Street,Unit 3J,Brooklyn,NY,11211,50 Bayard Street Unit 3J Brooklyn NY 11211,42606,Jackson Street,,Brooklyn,NY,11211,Jackson Street Unit 4 Brooklyn NY 11211,fuzzy,0.7391304347826086,matched
none-512-lorimer-street-none-brooklyn-ny-11211,512 Lorimer Street,,Brooklyn,NY,11211,512 Lorimer Street Brooklyn NY 11211,42605,Conselyea Street,,Brooklyn,NY,11211,Conselyea Street Unit 1 Brooklyn NY 11211,fuzzy,0.7368421052631579,matched
none-north-8th-street-none-brooklyn-ny-11211-0,North 8th Street,,Brooklyn,NY,11211,North 8th Street Brooklyn NY 11211,42603,North 11th Street,,Brooklyn,NY,11211,North 11th Street Unit 4W Brooklyn NY 11211,fuzzy,0.7368421052631579,matched
none-311-leonard-street-none-brooklyn-ny-11211,311 Leonard Street,,Brooklyn,NY,11211,311 Leonard Street Brooklyn NY 11211,42605,Conselyea Street,,Brooklyn,NY,11211,Conselyea Street Unit 1 Brooklyn NY 11211,fuzzy,0.7368421052631579,matched
none-grand-street-none-brooklyn-ny-11211,Grand Street,,Brooklyn,NY,11211,Grand Street Brooklyn NY 11211,42605,Conselyea Street,,Brooklyn,NY,11211,Conselyea Street Unit 1 Brooklyn NY 11211,fuzzy,0.7368421052631579,matched
none-grand-street-none-brooklyn-ny-11211-0,Grand Street,,Brooklyn,NY,11211,Grand Street Brooklyn NY 11211,42605,Conselyea Street,,Brooklyn,NY,11211,Conselyea Street Unit 1 Brooklyn NY 11211,fuzzy,0.7368421052631579,matched
none-north-8th-street-none-brooklyn-ny-11211,North 8th Street,,Brooklyn,NY,11211,North 8th Street Brooklyn NY 11211,42603,North 11th Street,,Brooklyn,NY,11211,North 11th Street Unit 4W Brooklyn NY 11211,fuzzy,0.7368421052631579,matched
none-550-metropolitan-avenue-unit-comm-brooklyn-ny-11211-0,550 Metropolitan Avenue,Unit COMM,Brooklyn,NY,11211,550 Metropolitan Avenue Unit COMM Brooklyn NY 11211,42605,Conselyea Street,,Brooklyn,NY,11211,Conselyea Street Unit 1 Brooklyn NY 11211,fuzzy,0.7272727272727273,matched
none-550-metropolitan-avenue-unit-comm-brooklyn-ny-11211,550 Metropolitan Avenue,Unit COMM,Brooklyn,NY,11211,550 Metropolitan Avenue Unit COMM Brooklyn NY 11211,42605,Conselyea Street,,Brooklyn,NY,11211,Conselyea Street Unit 1 Brooklyn NY 11211,fuzzy,0.7272727272727273,matched
none-165-north-10th-street-unit-3a-brooklyn-ny-11211,165 North 10th Street,Unit 3A,Brooklyn,NY,11211,165 North 10th Street Unit 3A Brooklyn NY 11211,42605,Conselyea Street,,Brooklyn,NY,11211,Conselyea Street Unit 1 Brooklyn NY 11211,fuzzy,0.7272727272727273,matched
none-207-north-8th-street-unit-ph-brooklyn-ny-11211-0,207 North 8th Street,Unit PH,Brooklyn,NY,11211,207 North 8th Street Unit PH Brooklyn NY 11211,42603,North 11th Street,,Brooklyn,NY,11211,North 11th Street Unit 4W Brooklyn NY 11211,fuzzy,0.7272727272727273,matched
none-30-bayard-street-unit-5f-brooklyn-ny-11211,30 Bayard Street,Unit 5F,Brooklyn,NY,11211,30 Bayard Street Unit 5F Brooklyn NY 11211,42605,Conselyea Street,,Brooklyn,NY,11211,Conselyea Street Unit 1 Brooklyn NY 11211,fuzzy,0.7272727272727273,matched
none-manhattan-avenue-unit-4f-brooklyn-ny-11211,Manhattan Avenue,Unit 4F,Brooklyn,NY,11211,Manhattan Avenue Unit 4F Brooklyn NY 11211,42603,North 11th Street,,Brooklyn,NY,11211,North 11th Street Unit 4W Brooklyn NY 11211,fuzzy,0.7272727272727273,matched
none-maspeth-avenue-unit-2d-brooklyn-ny-11211,Maspeth Avenue,Unit 2D,Brooklyn,NY,11211,Maspeth Avenue Unit 2D Brooklyn NY 11211,42605,Conselyea Street,,Brooklyn,NY,11211,Conselyea Street Unit 1 Brooklyn NY 11211,fuzzy,0.7272727272727273,matched
none-139-skillman-avenue-unit-7a-brooklyn-ny-11211,139 Skillman Avenue,Unit 7A,Brooklyn,NY,11211,139 Skillman Avenue Unit 7A Brooklyn NY 11211,42605,Conselyea Street,,Brooklyn,NY,11211,Conselyea Street Unit 1 Brooklyn NY 11211,fuzzy,0.7272727272727273,matched
none-207-north-8th-street-unit-ph-brooklyn-ny-11211,207 North 8th Street,Unit PH,Brooklyn,NY,11211,207 North 8th Street Unit PH Brooklyn NY 11211,42603,North 11th Street,,Brooklyn,NY,11211,North 11th Street Unit 4W Brooklyn NY 11211,fuzzy,0.7272727272727273,matched
none-150-north-5th-street-unit-3j-brooklyn-ny-11211,150 North 5th Street,Unit 3J,Brooklyn,NY,11211,150 North 5th Street Unit 3J Brooklyn NY 11211,42603,North 11th Street,,Brooklyn,NY,11211,North 11th Street Unit 4W Brooklyn NY 11211,fuzzy,0.7272727272727273,matched
none-bedford-avenue-unit-8-brooklyn-ny-11211,Bedford Avenue,Unit 8,Brooklyn,NY,11211,Bedford Avenue Unit 8 Brooklyn NY 11211,42604,128 Woodpoint Road,,Brooklyn,NY,11211,128 Woodpoint Road Unit 5 Brooklyn NY 11211,fuzzy,0.7272727272727273,matched
none-170-north-11th-street-unit-3d-brooklyn-ny-11211,170 North 11th Street,Unit 3D,Brooklyn,NY,11211,170 North 11th Street Unit 3D Brooklyn NY 11211,42603,North 11th Street,,Brooklyn,NY,11211,North 11th Street Unit 4W Brooklyn NY 11211,fuzzy,0.7272727272727273,matched
none-139-skillman-avenue-unit-8a-brooklyn-ny-11211,139 Skillman Avenue,Unit 8A,Brooklyn,NY,11211,139 Skillman Avenue Unit 8A Brooklyn NY 11211,42605,Conselyea Street,,Brooklyn,NY,11211,Conselyea Street Unit 1 Brooklyn NY 11211,fuzzy,0.7272727272727273,matched
none-476-union-avenue-unit-4bb-brooklyn-ny-11211,476 Union Avenue,Unit 4BB,Brooklyn,NY,11211,476 Union Avenue Unit 4BB Brooklyn NY 11211,42606,Jackson Street,,Brooklyn,NY,11211,Jackson Street Unit 4 Brooklyn NY 11211,fuzzy,0.7272727272727273,matched
none-maspeth-avenue-unit-2d-brooklyn-ny-11211-0,Maspeth Avenue,Unit 2D,Brooklyn,NY,11211,Maspeth Avenue Unit 2D Brooklyn NY 11211,42605,Conselyea Street,,Brooklyn,NY,11211,Conselyea Street Unit 1 Brooklyn NY 11211,fuzzy,0.7272727272727273,matched
none-manhattan-avenue-unit-4f-brooklyn-ny-11211-0,Manhattan Avenue,Unit 4F,Brooklyn,NY,11211,Manhattan Avenue Unit 4F Brooklyn NY 11211,42603,North 11th Street,,Brooklyn,NY,11211,North 11th Street Unit 4W Brooklyn NY 11211,fuzzy,0.7272727272727273,matched
none-550-metropolitan-avenue-unit-commercial-brooklyn-ny-11211,550 Metropolitan Avenue,Unit COMMERCIAL,Brooklyn,NY,11211,550 Metropolitan Avenue Unit COMMERCIAL Brooklyn NY 11211,42605,Conselyea Street,,Brooklyn,NY,11211,Conselyea Street Unit 1 Brooklyn NY 11211,fuzzy,0.7272727272727273,matched
none-237-devoe-street-unit-1r-brooklyn-ny-11211,237 Devoe Street,Unit 1R,Brooklyn,NY,11211,237 Devoe Street Unit 1R Brooklyn NY 11211,42605,Conselyea Street,,Brooklyn,NY,11211,Conselyea Street Unit 1 Brooklyn NY 11211,fuzzy,0.7142857142857143,matched
none-230-south-2nd-street-none-brooklyn-ny-11211-0,230 South 2nd Street,,Brooklyn,NY,11211,230 South 2nd Street Brooklyn NY 11211,42603,North 11th Street,,Brooklyn,NY,11211,North 11th Street Unit 4W Brooklyn NY 11211,fuzzy,0.7142857142857143,matched
none-526-union-avenue-unit-206-brooklyn-ny-11211-0,526 Union Avenue,Unit 206,Brooklyn,NY,11211,526 Union Avenue Unit 206 Brooklyn NY 11211,42605,Conselyea Street,,Brooklyn,NY,11211,Conselyea Street Unit 1 Brooklyn NY 11211,fuzzy,0.7142857142857143,matched
none-230-south-2nd-street-none-brooklyn-ny-11211,230 South 2nd Street,,Brooklyn,NY,11211,230 South 2nd Street Brooklyn NY 11211,42603,North 11th Street,,Brooklyn,NY,11211,North 11th Street Unit 4W Brooklyn NY 11211,fuzzy,0.7142857142857143,matched
none-30-devoe-street-unit-2b-brooklyn-ny-11211,30 Devoe Street,Unit 2B,Brooklyn,NY,11211,30 Devoe Street Unit 2B Brooklyn NY 11211,42605,Conselyea Street,,Brooklyn,NY,11211,Conselyea Street Unit 1 Brooklyn NY 11211,fuzzy,0.7142857142857143,matched
none-526-union-avenue-unit-206-brooklyn-ny-11211,526 Union Avenue,Unit 206,Brooklyn,NY,11211,526 Union Avenue Unit 206 Brooklyn NY 11211,42605,Conselyea Street,,Brooklyn,NY,11211,Conselyea Street Unit 1 Brooklyn NY 11211,fuzzy,0.7142857142857143,matched
none-manhattan-avenue-unit-3r-brooklyn-ny-11211,Manhattan Avenue,Unit 3R,Brooklyn,NY,11211,Manhattan Avenue Unit 3R Brooklyn NY 11211,42605,Conselyea Street,,Brooklyn,NY,11211,Conselyea Street Unit 1 Brooklyn NY 11211,fuzzy,0.7142857142857143,matched
none-183-south-2nd-street-none-brooklyn-ny-11211-0,183 South 2nd Street,,Brooklyn,NY,11211,183 South 2nd Street Brooklyn NY 11211,42603,North 11th Street,,Brooklyn,NY,11211,North 11th Street Unit 4W Brooklyn NY 11211,fuzzy,0.7142857142857143,matched
none-183-south-2nd-street-none-brooklyn-ny-11211,183 South 2nd Street,,Brooklyn,NY,11211,183 South 2nd Street Brooklyn NY 11211,42603,North 11th Street,,Brooklyn,NY,11211,North 11th Street Unit 4W Brooklyn NY 11211,fuzzy,0.7142857142857143,matched
none-237-devoe-street-unit-1r-brooklyn-ny-11211-0,237 Devoe Street,Unit 1R,Brooklyn,NY,11211,237 Devoe Street Unit 1R Brooklyn NY 11211,42605,Conselyea Street,,Brooklyn,NY,11211,Conselyea Street Unit 1 Brooklyn NY 11211,fuzzy,0.7142857142857143,matched
none-590-lorimer-street-unit-1-brooklyn-ny-11211,590 Lorimer Street,Unit 1,Brooklyn,NY,11211,590 Lorimer Street Unit 1 Brooklyn NY 11211,42605,Conselyea Street,,Brooklyn,NY,11211,Conselyea Street Unit 1 Brooklyn NY 11211,fuzzy,0.7142857142857143,matched
none-684-lorimer-street-none-brooklyn-ny-11211,684 Lorimer Street,,Brooklyn,NY,11211,684 Lorimer Street Brooklyn NY 11211,42603,North 11th Street,,Brooklyn,NY,11211,North 11th Street Unit 4W Brooklyn NY 11211,fuzzy,0.7142857142857143,matched
none-684-lorimer-street-none-brooklyn-ny-11211-0,684 Lorimer Street,,Brooklyn,NY,11211,684 Lorimer Street Brooklyn NY 11211,42603,North 11th Street,,Brooklyn,NY,11211,North 11th Street Unit 4W Brooklyn NY 11211,fuzzy,0.7142857142857143,matched
none-270-south-2nd-street-none-brooklyn-ny-11211,270 South 2nd Street,,Brooklyn,NY,11211,270 South 2nd Street Brooklyn NY 11211,42603,North 11th Street,,Brooklyn,NY,11211,North 11th Street Unit 4W Brooklyn NY 11211,fuzzy,0.7142857142857143,matched
none-30-devoe-street-unit-2b-brooklyn-ny-11211-0,30 Devoe Street,Unit 2B,Brooklyn,NY,11211,30 Devoe Street Unit 2B Brooklyn NY 11211,42605,Conselyea Street,,Brooklyn,NY,11211,Conselyea Street Unit 1 Brooklyn NY 11211,fuzzy,0.7142857142857143,matched
none-465-humboldt-street-none-williamsburg-ny-11211,465 Humboldt Street,,Williamsburg,NY,11211,465 Humboldt Street Williamsburg NY 11211,42603,North 11th Street,,Brooklyn,NY,11211,North 11th Street Unit 4W Brooklyn NY 11211,fuzzy,0.7083333333333334,matched
none-100-maspeth-avenue-unit-2j-brooklyn-ny-11211,100 Maspeth Avenue,Unit 2J,Brooklyn,NY,11211,100 Maspeth Avenue Unit 2J Brooklyn NY 11211,42606,Jackson Street,,Brooklyn,NY,11211,Jackson Street Unit 4 Brooklyn NY 11211,fuzzy,0.7083333333333334,matched
none-177-hooper-street-none-brooklyn-ny-11211,177 Hooper Street,,Brooklyn,NY,11211,177 Hooper Street Brooklyn NY 11211,42603,North 11th Street,,Brooklyn,NY,11211,North 11th Street Unit 4W Brooklyn NY 11211,fuzzy,0.7,matched
none-havemeyer-street-none-brooklyn-ny-11211,Havemeyer Street,,Brooklyn,NY,11211,Havemeyer Street Brooklyn NY 11211,42605,Conselyea Street,,Brooklyn,NY,11211,Conselyea Street Unit 1 Brooklyn NY 11211,fuzzy,0.7,matched
none-96-roebling-street-none-brooklyn-ny-11211,96 Roebling Street,,Brooklyn,NY,11211,96 Roebling Street Brooklyn NY 11211,42605,Conselyea Street,,Brooklyn,NY,11211,Conselyea Street Unit 1 Brooklyn NY 11211,fuzzy,0.7,matched
none-manhattan-avenue-none-brooklyn-ny-11211-0,Manhattan Avenue,,Brooklyn,NY,11211,Manhattan Avenue Brooklyn NY 11211,42605,Conselyea Street,,Brooklyn,NY,11211,Conselyea Street Unit 1 Brooklyn NY 11211,fuzzy,0.7,matched
none-manhattan-avenue-none-brooklyn-ny-11211,Manhattan Avenue,,Brooklyn,NY,11211,Manhattan Avenue Brooklyn NY 11211,42605,Conselyea Street,,Brooklyn,NY,11211,Conselyea Street Unit 1 Brooklyn NY 11211,fuzzy,0.7,matched
none-havemeyer-street-none-brooklyn-ny-11211-0,Havemeyer Street,,Brooklyn,NY,11211,Havemeyer Street Brooklyn NY 11211,42605,Conselyea Street,,Brooklyn,NY,11211,Conselyea Street Unit 1 Brooklyn NY 11211,fuzzy,0.7,matched
none-218-north-5th-street-none-brooklyn-ny-11211,218 North 5th Street,,Brooklyn,NY,11211,218 North 5th Street Brooklyn NY 11211,42603,North 11th Street,,Brooklyn,NY,11211,North 11th Street Unit 4W Brooklyn NY 11211,fuzzy,0.7,matched
none-union-avenue-unit-4d-5d-brooklyn-ny-11211,Union Avenue,Unit 4D/5D,Brooklyn,NY,11211,Union Avenue Unit 4D/5D Brooklyn NY 11211,42604,128 Woodpoint Road,,Brooklyn,NY,11211,128 Woodpoint Road Unit 5 Brooklyn NY 11211,fuzzy,0.6956521739130435,matched
none-361-manhattan-avenue-unit-4a-brooklyn-ny-11211,361 Manhattan Avenue,Unit 4A,Brooklyn,NY,11211,361 Manhattan Avenue Unit 4A Brooklyn NY 11211,42603,North 11th Street,,Brooklyn,NY,11211,North 11th Street Unit 4W Brooklyn NY 11211,fuzzy,0.6956521739130435,matched
none-250-manhattan-avenue-unit-4r-brooklyn-ny-11211,250 Manhattan Avenue,Unit 4R,Brooklyn,NY,11211,250 Manhattan Avenue Unit 4R Brooklyn NY 11211,42603,North 11th Street,,Brooklyn,NY,11211,North 11th Street Unit 4W Brooklyn NY 11211,fuzzy,0.6956521739130435,matched
none-metropolitan-avenue-unit-5h-brooklyn-ny-11211,Metropolitan Avenue,Unit 5H,Brooklyn,NY,11211,Metropolitan Avenue Unit 5H Brooklyn NY 11211,42604,128 Woodpoint Road,,Brooklyn,NY,11211,128 Woodpoint Road Unit 5 Brooklyn NY 11211,fuzzy,0.6956521739130435,matched
none-308-north-7th-street-unit-phb-brooklyn-ny-11211,308 North 7th Street,Unit PHB,Brooklyn,NY,11211,308 North 7th Street Unit PHB Brooklyn NY 11211,42603,North 11th Street,,Brooklyn,NY,11211,North 11th Street Unit 4W Brooklyn NY 11211,fuzzy,0.6956521739130435,matched
none-devoe-street-none-brooklyn-ny-11211-0,Devoe Street,,Brooklyn,NY,11211,Devoe Street Brooklyn NY 11211,42605,Conselyea Street,,Brooklyn,NY,11211,Conselyea Street Unit 1 Brooklyn NY 11211,fuzzy,0.6842105263157895,matched
none-devoe-street-none-brooklyn-ny-11211,Devoe Street,,Brooklyn,NY,11211,Devoe Street Brooklyn NY 11211,42605,Conselyea Street,,Brooklyn,NY,11211,Conselyea Street Unit 1 Brooklyn NY 11211,fuzzy,0.6842105263157895,matched
none-156-devoe-street-unit-1f-brooklyn-ny-11211,156 Devoe Street,Unit 1F,Brooklyn,NY,11211,156 Devoe Street Unit 1F Brooklyn NY 11211,42605,Conselyea Street,,Brooklyn,NY,11211,Conselyea Street Unit 1 Brooklyn NY 11211,fuzzy,0.6818181818181818,matched
none-156-devoe-street-unit-1f-brooklyn-ny-11211-0,156 Devoe Street,Unit 1F,Brooklyn,NY,11211,156 Devoe Street Unit 1F Brooklyn NY 11211,42605,Conselyea Street,,Brooklyn,NY,11211,Conselyea Street Unit 1 Brooklyn NY 11211,fuzzy,0.6818181818181818,matched
none-532-lorimer-street-unit-1b-williamsburg-ny-11211,532 Lorimer Street,Unit 1B,Williamsburg,NY,11211,532 Lorimer Street Unit 1B Williamsburg NY 11211,42605,Conselyea Street,,Brooklyn,NY,11211,Conselyea Street Unit 1 Brooklyn NY 11211,fuzzy,0.6818181818181818,matched
none-360-south-3rd-street-none-brooklyn-ny-11211-0,360 South 3rd Street,,Brooklyn,NY,11211,360 South 3rd Street Brooklyn NY 11211,42603,North 11th Street,,Brooklyn,NY,11211,North 11th Street Unit 4W Brooklyn NY 11211,fuzzy,0.6818181818181818,matched
none-360-south-3rd-street-none-brooklyn-ny-11211,360 South 3rd Street,,Brooklyn,NY,11211,360 South 3rd Street Brooklyn NY 11211,42603,North 11th Street,,Brooklyn,NY,11211,North 11th Street Unit 4W Brooklyn NY 11211,fuzzy,0.6818181818181818,matched
none-manhattan-avenue-unit-3f-brooklyn-ny-11211,Manhattan Avenue,Unit 3F,Brooklyn,NY,11211,Manhattan Avenue Unit 3F Brooklyn NY 11211,42605,Conselyea Street,,Brooklyn,NY,11211,Conselyea Street Unit 1 Brooklyn NY 11211,fuzzy,0.6818181818181818,matched
none-250-manhattan-avenue-unit-2r-brooklyn-ny-11211-0,250 Manhattan Avenue,Unit 2R,Brooklyn,NY,11211,250 Manhattan Avenue Unit 2R Brooklyn NY 11211,42605,Conselyea Street,,Brooklyn,NY,11211,Conselyea Street Unit 1 Brooklyn NY 11211,fuzzy,0.6818181818181818,matched
none-532-lorimer-street-unit-1b-williamsburg-ny-11211-0,532 Lorimer Street,Unit 1B,Williamsburg,NY,11211,532 Lorimer Street Unit 1B Williamsburg NY 11211,42605,Conselyea Street,,Brooklyn,NY,11211,Conselyea Street Unit 1 Brooklyn NY 11211,fuzzy,0.6818181818181818,matched
none-manhattan-avenue-unit-3f-brooklyn-ny-11211-0,Manhattan Avenue,Unit 3F,Brooklyn,NY,11211,Manhattan Avenue Unit 3F Brooklyn NY 11211,42605,Conselyea Street,,Brooklyn,NY,11211,Conselyea Street Unit 1 Brooklyn NY 11211,fuzzy,0.6818181818181818,matched
none-250-manhattan-avenue-unit-2r-brooklyn-ny-11211,250 Manhattan Avenue,Unit 2R,Brooklyn,NY,11211,250 Manhattan Avenue Unit 2R Brooklyn NY 11211,42605,Conselyea Street,,Brooklyn,NY,11211,Conselyea Street Unit 1 Brooklyn NY 11211,fuzzy,0.6818181818181818,matched
none-284-manhattan-avenue-none-brooklyn-ny-11211,284 Manhattan Avenue,,Brooklyn,NY,11211,284 Manhattan Avenue Brooklyn NY 11211,42603,North 11th Street,,Brooklyn,NY,11211,North 11th Street Unit 4W Brooklyn NY 11211,fuzzy,0.6818181818181818,matched
none-329-grand-street-none-brooklyn-ny-11211-0,329 Grand Street,,Brooklyn,NY,11211,329 Grand Street Brooklyn NY 11211,42605,Conselyea Street,,Brooklyn,NY,11211,Conselyea Street Unit 1 Brooklyn NY 11211,fuzzy,0.6666666666666666,matched
none-476-union-avenue-unit-ph5a-brooklyn-ny-11211,476 Union Avenue,Unit PH5A,Brooklyn,NY,11211,476 Union Avenue Unit PH5A Brooklyn NY 11211,42603,North 11th Street,,Brooklyn,NY,11211,North 11th Street Unit 4W Brooklyn NY 11211,fuzzy,0.6666666666666666,matched
none-705-driggs-avenue-unit-13-brooklyn-ny-11211,705 Driggs Avenue,Unit 13,Brooklyn,NY,11211,705 Driggs Avenue Unit 13 Brooklyn NY 11211,42605,Conselyea Street,,Brooklyn,NY,11211,Conselyea Street Unit 1 Brooklyn NY 11211,fuzzy,0.6666666666666666,matched
none-234-powers-street-unit-6-williamsburg-ny-11211,234 Powers Street,Unit 6,Williamsburg,NY,11211,234 Powers Street Unit 6 Williamsburg NY 11211,42603,North 11th Street,,Brooklyn,NY,11211,North 11th Street Unit 4W Brooklyn NY 11211,fuzzy,0.6666666666666666,matched
none-329-grand-street-none-brooklyn-ny-11211,329 Grand Street,,Brooklyn,NY,11211,329 Grand Street Brooklyn NY 11211,42605,Conselyea Street,,Brooklyn,NY,11211,Conselyea Street Unit 1 Brooklyn NY 11211,fuzzy,0.6666666666666666,matched
none-719-grand-street-none-brooklyn-ny-11211,719 Grand Street,,Brooklyn,NY,11211,719 Grand Street Brooklyn NY 11211,42605,Conselyea Street,,Brooklyn,NY,11211,Conselyea Street Unit 1 Brooklyn NY 11211,fuzzy,0.6666666666666666,matched
none-467-bedford-avenue-unit-6-brooklyn-ny-11211,467 Bedford Avenue,Unit 6,Brooklyn,NY,11211,467 Bedford Avenue Unit 6 Brooklyn NY 11211,42606,Jackson Street,,Brooklyn,NY,11211,Jackson Street Unit 4 Brooklyn NY 11211,fuzzy,0.6666666666666666,matched
none-230-south-2nd-street-none-williamsburg-ny-11211,230 South 2nd Street,,Williamsburg,NY,11211,230 South 2nd Street Williamsburg NY 11211,42603,North 11th Street,,Brooklyn,NY,11211,North 11th Street Unit 4W Brooklyn NY 11211,fuzzy,0.6666666666666666,matched
none-549-metropolitan-avenue-unit-a-brooklyn-ny-11211,549 Metropolitan Avenue,Unit A,Brooklyn,NY,11211,549 Metropolitan Avenue Unit A Brooklyn NY 11211,42604,128 Woodpoint Road,,Brooklyn,NY,11211,128 Woodpoint Road Unit 5 Brooklyn NY 11211,fuzzy,0.6666666666666666,matched
none-230-south-2nd-street-none-williamsburg-ny-11211-0,230 South 2nd Street,,Williamsburg,NY,11211,230 South 2nd Street Williamsburg NY 11211,42603,North 11th Street,,Brooklyn,NY,11211,North 11th Street Unit 4W Brooklyn NY 11211,fuzzy,0.6666666666666666,matched
none-76-richardson-street-unit-7-williamsburg-ny-11211,76 Richardson Street,Unit 7,Williamsburg,NY,11211,76 Richardson Street Unit 7 Williamsburg NY 11211,42605,Conselyea Street,,Brooklyn,NY,11211,Conselyea Street Unit 1 Brooklyn NY 11211,fuzzy,0.6666666666666666,matched
none-764-metropolitan-avenue-unit-2b-brooklyn-ny-11211,764 Metropolitan Avenue,Unit 2B,Brooklyn,NY,11211,764 Metropolitan Avenue Unit 2B Brooklyn NY 11211,42606,Jackson Street,,Brooklyn,NY,11211,Jackson Street Unit 4 Brooklyn NY 11211,fuzzy,0.6666666666666666,matched
none-679-lorimer-street-none-brooklyn-ny-11211,679 Lorimer Street,,Brooklyn,NY,11211,679 Lorimer Street Brooklyn NY 11211,42605,Conselyea Street,,Brooklyn,NY,11211,Conselyea Street Unit 1 Brooklyn NY 11211,fuzzy,0.6666666666666666,matched
none-364-manhattan-avenue-unit-4g-brooklyn-ny-11211,364 Manhattan Avenue,Unit 4G,Brooklyn,NY,11211,364 Manhattan Avenue Unit 4G Brooklyn NY 11211,42603,North 11th Street,,Brooklyn,NY,11211,North 11th Street Unit 4W Brooklyn NY 11211,fuzzy,0.6666666666666666,matched
none-415-bedford-avenue-unit-23a-brooklyn-ny-11211,415 Bedford Avenue,Unit 23A,Brooklyn,NY,11211,415 Bedford Avenue Unit 23A Brooklyn NY 11211,42604,128 Woodpoint Road,,Brooklyn,NY,11211,128 Woodpoint Road Unit 5 Brooklyn NY 11211,fuzzy,0.6666666666666666,matched
none-339-bedford-avenue-unit-8-brooklyn-ny-11211,339 Bedford Avenue,Unit 8,Brooklyn,NY,11211,339 Bedford Avenue Unit 8 Brooklyn NY 11211,42604,128 Woodpoint Road,,Brooklyn,NY,11211,128 Woodpoint Road Unit 5 Brooklyn NY 11211,fuzzy,0.6666666666666666,matched
none-183-south-2nd-street-none-williamsburg-ny-11211,183 South 2nd Street,,Williamsburg,NY,11211,183 South 2nd Street Williamsburg NY 11211,42603,North 11th Street,,Brooklyn,NY,11211,North 11th Street Unit 4W Brooklyn NY 11211,fuzzy,0.6666666666666666,matched
none-549-metropolitan-avenue-unit-a-brooklyn-ny-11211-0,549 Metropolitan Avenue,Unit A,Brooklyn,NY,11211,549 Metropolitan Avenue Unit A Brooklyn NY 11211,42604,128 Woodpoint Road,,Brooklyn,NY,11211,128 Woodpoint Road Unit 5 Brooklyn NY 11211,fuzzy,0.6666666666666666,matched
none-390-manhattan-avenue-unit-2-brooklyn-ny-11211,390 Manhattan Avenue,Unit 2,Brooklyn,NY,11211,390 Manhattan Avenue Unit 2 Brooklyn NY 11211,42605,Conselyea Street,,Brooklyn,NY,11211,Conselyea Street Unit 1 Brooklyn NY 11211,fuzzy,0.6521739130434783,matched
none-392-graham-avenue-unit-3b-brooklyn-ny-11211,392 Graham Avenue,Unit 3B,Brooklyn,NY,11211,392 Graham Avenue Unit 3B Brooklyn NY 11211,42605,Conselyea Street,,Brooklyn,NY,11211,Conselyea Street Unit 1 Brooklyn NY 11211,fuzzy,0.6521739130434783,matched
none-976-metropolitan-avenue-unit-1b-brooklyn-ny-11211,976 Metropolitan Avenue,Unit 1B,Brooklyn,NY,11211,976 Metropolitan Avenue Unit 1B Brooklyn NY 11211,42605,Conselyea Street,,Brooklyn,NY,11211,Conselyea Street Unit 1 Brooklyn NY 11211,fuzzy,0.6521739130434783,matched
none-710-metropolitan-avenue-unit-5h-brooklyn-ny-11211,710 Metropolitan Avenue,Unit 5H,Brooklyn,NY,11211,710 Metropolitan Avenue Unit 5H Brooklyn NY 11211,42604,128 Woodpoint Road,,Brooklyn,NY,11211,128 Woodpoint Road Unit 5 Brooklyn NY 11211,fuzzy,0.64,matched
none-305-union-avenue-unit-4d-5d-brooklyn-ny-11211,305 Union Avenue,Unit 4D/5D,Brooklyn,NY,11211,305 Union Avenue Unit 4D/5D Brooklyn NY 11211,42604,128 Woodpoint Road,,Brooklyn,NY,11211,128 Woodpoint Road Unit 5 Brooklyn NY 11211,fuzzy,0.64,matched
none-549-metropolitan-avenue-unit-a-williamsburg-ny-11211,549 Metropolitan Avenue,Unit A,Williamsburg,NY,11211,549 Metropolitan Avenue Unit A Williamsburg NY 11211,42603,North 11th Street,,Brooklyn,NY,11211,North 11th Street Unit 4W Brooklyn NY 11211,fuzzy,0.64,matched
none-296-manhattan-avenue-none-brooklyn-ny-11211-0,296 Manhattan Avenue,,Brooklyn,NY,11211,296 Manhattan Avenue Brooklyn NY 11211,42605,Conselyea Street,,Brooklyn,NY,11211,Conselyea Street Unit 1 Brooklyn NY 11211,fuzzy,0.6363636363636364,matched
none-739-grand-street-none-brooklyn-ny-11211,739 Grand Street,,Brooklyn,NY,11211,739 Grand Street Brooklyn NY 11211,42605,Conselyea Street,,Brooklyn,NY,11211,Conselyea Street Unit 1 Brooklyn NY 11211,fuzzy,0.6363636363636364,matched
none-296-manhattan-avenue-none-brooklyn-ny-11211,296 Manhattan Avenue,,Brooklyn,NY,11211,296 Manhattan Avenue Brooklyn NY 11211,42605,Conselyea Street,,Brooklyn,NY,11211,Conselyea Street Unit 1 Brooklyn NY 11211,fuzzy,0.6363636363636364,matched
none-739-grand-street-none-brooklyn-ny-11211-0,739 Grand Street,,Brooklyn,NY,11211,739 Grand Street Brooklyn NY 11211,42605,Conselyea Street,,Brooklyn,NY,11211,Conselyea Street Unit 1 Brooklyn NY 11211,fuzzy,0.6363636363636364,matched
none-251-253-north-8th-street-none-brooklyn-ny-11211,251-253 North 8th Street,,Brooklyn,NY,11211,251-253 North 8th Street Brooklyn NY 11211,42603,North 11th Street,,Brooklyn,NY,11211,North 11th Street Unit 4W Brooklyn NY 11211,fuzzy,0.6363636363636364,matched
none-390-manhattan-avenue-unit-ph-brooklyn-ny-11211,390 Manhattan Avenue,Unit PH,Brooklyn,NY,11211,390 Manhattan Avenue Unit PH Brooklyn NY 11211,42605,Conselyea Street,,Brooklyn,NY,11211,Conselyea Street Unit 1 Brooklyn NY 11211,fuzzy,0.625,matched
none-726-metropolitan-avenue-unit-6-williamsburg-ny-11211-0,726 Metropolitan Avenue,Unit 6,Williamsburg,NY,11211,726 Metropolitan Avenue Unit 6 Williamsburg NY 11211,42605,Conselyea Street,,Brooklyn,NY,11211,Conselyea Street Unit 1 Brooklyn NY 11211,fuzzy,0.625,matched
none-726-metropolitan-avenue-unit-6-williamsburg-ny-11211,726 Metropolitan Avenue,Unit 6,Williamsburg,NY,11211,726 Metropolitan Avenue Unit 6 Williamsburg NY 11211,42605,Conselyea Street,,Brooklyn,NY,11211,Conselyea Street Unit 1 Brooklyn NY 11211,fuzzy,0.625,matched
none-38-devoe-street-none-brooklyn-ny-11211,38 Devoe Street,,Brooklyn,NY,11211,38 Devoe Street Brooklyn NY 11211,42605,Conselyea Street,,Brooklyn,NY,11211,Conselyea Street Unit 1 Brooklyn NY 11211,fuzzy,0.6190476190476191,matched
none-980-metropolitan-avenue-none-williamsburg-ny-11211,980 Metropolitan Avenue,,Williamsburg,NY,11211,980 Metropolitan Avenue Williamsburg NY 11211,42604,128 Woodpoint Road,,Brooklyn,NY,11211,128 Woodpoint Road Unit 5 Brooklyn NY 11211,fuzzy,0.6153846153846154,matched
none-452-graham-avenue-none-brooklyn-ny-11211,452 Graham Avenue,,Brooklyn,NY,11211,452 Graham Avenue Brooklyn NY 11211,42603,North 11th Street,,Brooklyn,NY,11211,North 11th Street Unit 4W Brooklyn NY 11211,fuzzy,0.6086956521739131,matched
none-390-broadway-none-williamsburg-ny-11211,390 Broadway,,Williamsburg,NY,11211,390 Broadway Williamsburg NY 11211,,,,,,,,,,
none-217-219-devoe-street-none-brooklyn-ny-11211,217-219 Devoe Street,,Brooklyn,NY,11211,217-219 Devoe Street Brooklyn NY 11211,,,,,,,,,,
none-390-broadway-none-brooklyn-ny-11211,390 Broadway,,Brooklyn,NY,11211,390 Broadway Brooklyn NY 11211,,,,,,,,,,
none-390-broadway-none-williamsburg-ny-11211-0,390 Broadway,,Williamsburg,NY,11211,390 Broadway Williamsburg NY 11211,,,,,,,,,,
